split,instrument,topic,lag,m5_confirmed,m5_score,m5_pvalue,m5_n,m5_reason,m6_confirmed,m6_score,m6_pvalue,m6_n,m6_reason,confirmed,error,elapsed_s
train,SP500,oil_emb,1,False,-0.000242,0.618613,541,z_below_crit,False,0.004631,0.485,541,ic_below_min,False,,1.72
train,SP500,oil_emb,7,False,-0.00013,0.776548,541,z_below_crit,False,0.029418,0.76,535,ic_below_min,False,,0.21
train,SP500,oil_emb,14,False,0.000591,0.195419,541,z_below_crit,False,0.025083,0.29,528,bootstrap_ci_includes_zero,False,,0.22
train,SP500,oil_emb,30,False,0.000172,0.73908,541,z_below_crit,True,0.073947,0.05,512,ok,False,,0.27
train,SP500,oil_emb,60,False,-8.7e-05,0.573718,541,z_below_crit,False,0.085227,0.055,482,bootstrap_ci_includes_zero,False,,0.41
train,SP500,oil_emb,90,False,-4.3e-05,0.629837,541,z_below_crit,False,0.04157,0.215,452,bootstrap_ci_includes_zero,False,,0.52
train,SP500,rate_emb,1,False,-7.5e-05,0.877967,541,z_below_crit,False,0.001994,0.455,541,ic_below_min,False,,0.19
train,SP500,rate_emb,7,False,-0.000474,0.34545,541,z_below_crit,False,0.01598,0.66,535,ic_below_min,False,,0.21
train,SP500,rate_emb,14,False,0.000457,0.372816,541,z_below_crit,False,0.022821,0.36,528,bootstrap_ci_includes_zero,False,,0.2
train,SP500,rate_emb,30,False,0.000465,0.382449,541,z_below_crit,False,0.018572,0.285,512,bootstrap_ci_includes_zero,False,,0.24
train,SP500,rate_emb,60,False,-2.5e-05,0.848671,541,z_below_crit,False,0.025207,0.755,482,ic_below_min,False,,0.48
train,SP500,rate_emb,90,False,7e-06,0.89194,541,z_below_crit,False,0.04681,0.815,452,ic_below_min,False,,0.46
train,SP500,ruble_emb,1,True,0.001013,0.037481,541,ok,False,0.026493,0.325,541,bootstrap_ci_includes_zero,False,,0.18
train,SP500,ruble_emb,7,False,-0.000801,0.106072,541,z_below_crit,False,0.066444,0.92,535,ic_below_min,False,,0.19
train,SP500,ruble_emb,14,False,0.000258,0.618696,541,z_below_crit,False,0.079561,0.965,528,ic_below_min,False,,0.24
train,SP500,ruble_emb,30,False,-0.00098,0.071976,541,z_below_crit,False,0.009249,0.54,512,ic_below_min,False,,0.23
train,SP500,ruble_emb,60,False,-0.000145,0.352567,541,z_below_crit,False,0.06017,0.905,482,ic_below_min,False,,0.36
train,SP500,ruble_emb,90,False,-3e-06,0.969793,541,z_below_crit,False,0.002781,0.51,452,ic_below_min,False,,0.49
train,SP500,sanctions_emb,1,False,-0.000619,0.171343,541,z_below_crit,False,0.053618,0.165,541,bootstrap_ci_includes_zero,False,,0.17
train,SP500,sanctions_emb,7,False,-0.000782,0.091612,541,z_below_crit,False,0.05529,0.105,535,bootstrap_ci_includes_zero,False,,0.17
train,SP500,sanctions_emb,14,False,0.000681,0.153408,541,z_below_crit,False,0.036015,0.78,528,ic_below_min,False,,0.17
train,SP500,sanctions_emb,30,False,0.000179,0.744711,541,z_below_crit,False,0.001646,0.55,512,ic_below_min,False,,0.26
train,SP500,sanctions_emb,60,False,3.7e-05,0.753761,541,z_below_crit,False,0.061995,0.915,482,ic_below_min,False,,0.34
train,SP500,sanctions_emb,90,False,-9e-06,0.834648,541,z_below_crit,False,0.00579,0.45,452,ic_below_min,False,,0.5
train,SP500,inflation_emb,1,False,3.5e-05,0.940648,541,z_below_crit,False,0.048447,0.825,541,ic_below_min,False,,0.17
train,SP500,inflation_emb,7,False,-0.000457,0.335525,541,z_below_crit,False,0.101101,0.995,535,ic_below_min,False,,0.22
train,SP500,inflation_emb,14,False,-0.000737,0.137464,541,z_below_crit,False,0.022453,0.325,528,bootstrap_ci_includes_zero,False,,0.19
train,SP500,inflation_emb,30,False,0.000308,0.578819,541,z_below_crit,False,0.050648,0.87,512,ic_below_min,False,,0.25
train,SP500,inflation_emb,60,False,8.9e-05,0.530308,541,z_below_crit,False,0.024914,0.705,482,ic_below_min,False,,0.34
train,SP500,inflation_emb,90,False,-1.3e-05,0.843397,541,z_below_crit,False,0.051342,0.165,452,bootstrap_ci_includes_zero,False,,0.49
train,SP500,banking_emb,1,False,-0.000279,0.570939,541,z_below_crit,False,0.031206,0.75,541,ic_below_min,False,,0.19
train,SP500,banking_emb,7,False,-1.5e-05,0.972331,541,z_below_crit,False,0.015485,0.295,535,bootstrap_ci_includes_zero,False,,0.17
train,SP500,banking_emb,14,False,-3.8e-05,0.930197,541,z_below_crit,False,0.008046,0.485,528,ic_below_min,False,,0.17
train,SP500,banking_emb,30,False,-8e-05,0.869136,541,z_below_crit,False,0.007352,0.555,512,ic_below_min,False,,0.25
train,SP500,banking_emb,60,False,5.4e-05,0.713813,541,z_below_crit,False,0.059663,0.135,482,bootstrap_ci_includes_zero,False,,0.33
train,SP500,banking_emb,90,False,-2.2e-05,0.788827,541,z_below_crit,False,0.01281,0.39,452,bootstrap_ci_includes_zero,False,,0.48
train,SP500,gold_emb,1,False,-5.4e-05,0.912432,541,z_below_crit,False,0.026618,0.715,541,ic_below_min,False,,0.2
train,SP500,gold_emb,7,False,0.000352,0.459371,541,z_below_crit,False,0.023643,0.705,535,ic_below_min,False,,0.17
train,SP500,gold_emb,14,False,0.000371,0.446739,541,z_below_crit,False,0.07632,0.955,528,ic_below_min,False,,0.17
train,SP500,gold_emb,30,False,0.000119,0.824283,541,z_below_crit,False,0.025459,0.69,512,ic_below_min,False,,0.24
train,SP500,gold_emb,60,False,3.3e-05,0.826764,541,z_below_crit,False,0.023198,0.375,482,bootstrap_ci_includes_zero,False,,0.36
train,SP500,gold_emb,90,False,-4.3e-05,0.561718,541,z_below_crit,False,0.003967,0.545,452,ic_below_min,False,,0.47
train,USD_RUB,oil_emb,1,False,-0.000369,0.744781,454,z_below_crit,False,0.051682,0.22,454,bootstrap_ci_includes_zero,False,,0.16
train,USD_RUB,oil_emb,7,False,-0.000156,0.89231,454,z_below_crit,False,0.023229,0.62,448,ic_below_min,False,,0.16
train,USD_RUB,oil_emb,14,False,0.002043,0.096963,454,z_below_crit,False,0.014788,0.39,441,bootstrap_ci_includes_zero,False,,0.2
train,USD_RUB,oil_emb,30,False,-0.000211,0.876771,454,z_below_crit,False,0.088101,0.955,425,ic_below_min,False,,0.27
train,USD_RUB,oil_emb,60,False,-0.000516,0.159539,454,z_below_crit,False,0.061012,0.105,395,bootstrap_ci_includes_zero,False,,0.35
train,USD_RUB,oil_emb,90,False,-0.000197,0.204884,454,z_below_crit,False,0.031355,0.325,365,bootstrap_ci_includes_zero,False,,0.48
train,USD_RUB,rate_emb,1,False,-0.002229,0.077029,454,z_below_crit,False,0.032609,0.7,454,ic_below_min,False,,0.17
train,USD_RUB,rate_emb,7,False,0.002396,0.068034,454,z_below_crit,False,0.049934,0.215,448,bootstrap_ci_includes_zero,False,,0.16
train,USD_RUB,rate_emb,14,False,0.002624,0.056302,454,z_below_crit,False,0.002218,0.55,441,ic_below_min,False,,0.18
train,USD_RUB,rate_emb,30,False,0.000824,0.5357,454,z_below_crit,False,0.06643,0.91,425,ic_below_min,False,,0.22
train,USD_RUB,rate_emb,60,False,0.000158,0.727677,454,z_below_crit,False,0.011768,0.635,395,ic_below_min,False,,0.33
train,USD_RUB,rate_emb,90,False,-0.000122,0.565178,454,z_below_crit,False,0.037119,0.255,365,bootstrap_ci_includes_zero,False,,0.46
train,USD_RUB,ruble_emb,1,False,0.001301,0.311618,454,z_below_crit,False,0.011844,0.62,454,ic_below_min,False,,0.14
train,USD_RUB,ruble_emb,7,False,0.000496,0.712139,454,z_below_crit,False,0.119258,0.98,448,ic_below_min,False,,0.19
train,USD_RUB,ruble_emb,14,False,-0.002704,0.054994,454,z_below_crit,False,0.078562,0.935,441,ic_below_min,False,,0.2
train,USD_RUB,ruble_emb,30,False,-0.000782,0.567184,454,z_below_crit,False,0.002319,0.485,425,ic_below_min,False,,0.24
train,USD_RUB,ruble_emb,60,False,-0.000311,0.474232,454,z_below_crit,False,0.009396,0.375,395,ic_below_min,False,,0.34
train,USD_RUB,ruble_emb,90,False,-8.4e-05,0.73959,454,z_below_crit,False,0.031939,0.31,365,bootstrap_ci_includes_zero,False,,0.48
train,USD_RUB,sanctions_emb,1,False,-0.001047,0.378921,454,z_below_crit,False,0.024347,0.675,454,ic_below_min,False,,0.16
train,USD_RUB,sanctions_emb,7,False,-0.000993,0.412436,454,z_below_crit,False,0.088527,0.95,448,ic_below_min,False,,0.17
train,USD_RUB,sanctions_emb,14,False,-0.000997,0.442012,454,z_below_crit,False,0.00766,0.53,441,ic_below_min,False,,0.17
train,USD_RUB,sanctions_emb,30,False,-0.001119,0.426013,454,z_below_crit,False,0.013348,0.475,425,bootstrap_ci_includes_zero,False,,0.25
train,USD_RUB,sanctions_emb,60,False,-1.6e-05,0.963393,454,z_below_crit,False,0.060711,0.14,395,bootstrap_ci_includes_zero,False,,0.38
train,USD_RUB,sanctions_emb,90,False,0.000187,0.192368,454,z_below_crit,False,0.000107,0.45,365,ic_below_min,False,,0.48
train,USD_RUB,inflation_emb,1,False,-0.002289,0.061581,454,z_below_crit,False,0.075157,0.065,454,bootstrap_ci_includes_zero,False,,0.19
train,USD_RUB,inflation_emb,7,False,-0.000206,0.870624,454,z_below_crit,False,0.032703,0.3,448,bootstrap_ci_includes_zero,False,,0.19
train,USD_RUB,inflation_emb,14,False,-0.000541,0.687673,454,z_below_crit,False,0.034402,0.23,441,bootstrap_ci_includes_zero,False,,0.17
train,USD_RUB,inflation_emb,30,False,-0.000553,0.689157,454,z_below_crit,False,0.002045,0.55,425,ic_below_min,False,,0.23
train,USD_RUB,inflation_emb,60,False,-0.000233,0.524232,454,z_below_crit,False,0.026086,0.665,395,ic_below_min,False,,0.36
train,USD_RUB,inflation_emb,90,False,7e-06,0.963121,454,z_below_crit,False,0.025986,0.66,365,ic_below_min,False,,0.47
train,USD_RUB,banking_emb,1,False,-9.8e-05,0.938866,454,z_below_crit,False,0.092104,0.96,454,ic_below_min,False,,0.17
train,USD_RUB,banking_emb,7,False,0.000776,0.55826,454,z_below_crit,False,0.010647,0.6,448,ic_below_min,False,,0.17
train,USD_RUB,banking_emb,14,False,0.000782,0.573989,454,z_below_crit,False,0.035247,0.23,441,bootstrap_ci_includes_zero,False,,0.2
train,USD_RUB,banking_emb,30,False,0.000314,0.825246,454,z_below_crit,False,0.048875,0.79,425,ic_below_min,False,,0.22
train,USD_RUB,banking_emb,60,False,-0.000216,0.592228,454,z_below_crit,True,0.096329,0.025,395,ok,False,,0.34
train,USD_RUB,banking_emb,90,False,-6.7e-05,0.706607,454,z_below_crit,False,0.042119,0.745,365,ic_below_min,False,,0.52
train,USD_RUB,gold_emb,1,False,0.000836,0.499684,454,z_below_crit,False,0.001362,0.535,454,ic_below_min,False,,0.16
train,USD_RUB,gold_emb,7,False,0.000141,0.907728,454,z_below_crit,False,0.034863,0.72,448,ic_below_min,False,,0.17
train,USD_RUB,gold_emb,14,False,0.001402,0.278051,454,z_below_crit,False,0.012214,0.615,441,ic_below_min,False,,0.17
train,USD_RUB,gold_emb,30,False,-0.00122,0.364545,454,z_below_crit,False,0.005659,0.455,425,ic_below_min,False,,0.22
train,USD_RUB,gold_emb,60,False,-0.000536,0.186898,454,z_below_crit,False,0.06889,0.105,395,bootstrap_ci_includes_zero,False,,0.34
train,USD_RUB,gold_emb,90,False,-0.000266,0.148904,454,z_below_crit,False,0.177933,1.0,365,ic_below_min,False,,0.47
train,EUR_RUB,oil_emb,1,False,-0.000369,0.744781,454,z_below_crit,False,0.051682,0.22,454,bootstrap_ci_includes_zero,False,,0.19
train,EUR_RUB,oil_emb,7,False,-0.000156,0.89231,454,z_below_crit,False,0.023229,0.62,448,ic_below_min,False,,0.19
train,EUR_RUB,oil_emb,14,False,0.002043,0.096963,454,z_below_crit,False,0.014788,0.39,441,bootstrap_ci_includes_zero,False,,0.15
train,EUR_RUB,oil_emb,30,False,-0.000211,0.876771,454,z_below_crit,False,0.088101,0.955,425,ic_below_min,False,,0.21
train,EUR_RUB,oil_emb,60,False,-0.000516,0.159539,454,z_below_crit,False,0.061012,0.105,395,bootstrap_ci_includes_zero,False,,0.32
train,EUR_RUB,oil_emb,90,False,-0.000197,0.204884,454,z_below_crit,False,0.031355,0.325,365,bootstrap_ci_includes_zero,False,,0.5
train,EUR_RUB,rate_emb,1,False,-0.002229,0.077029,454,z_below_crit,False,0.032609,0.7,454,ic_below_min,False,,0.16
train,EUR_RUB,rate_emb,7,False,0.002396,0.068034,454,z_below_crit,False,0.049934,0.215,448,bootstrap_ci_includes_zero,False,,0.16
train,EUR_RUB,rate_emb,14,False,0.002624,0.056302,454,z_below_crit,False,0.002218,0.55,441,ic_below_min,False,,0.17
train,EUR_RUB,rate_emb,30,False,0.000824,0.5357,454,z_below_crit,False,0.06643,0.91,425,ic_below_min,False,,0.29
train,EUR_RUB,rate_emb,60,False,0.000158,0.727677,454,z_below_crit,False,0.011768,0.635,395,ic_below_min,False,,0.35
train,EUR_RUB,rate_emb,90,False,-0.000122,0.565178,454,z_below_crit,False,0.037119,0.255,365,bootstrap_ci_includes_zero,False,,0.46
train,EUR_RUB,ruble_emb,1,False,0.001301,0.311618,454,z_below_crit,False,0.011844,0.62,454,ic_below_min,False,,0.22
train,EUR_RUB,ruble_emb,7,False,0.000496,0.712139,454,z_below_crit,False,0.119258,0.98,448,ic_below_min,False,,0.19
train,EUR_RUB,ruble_emb,14,False,-0.002704,0.054994,454,z_below_crit,False,0.078562,0.935,441,ic_below_min,False,,0.2
train,EUR_RUB,ruble_emb,30,False,-0.000782,0.567184,454,z_below_crit,False,0.002319,0.485,425,ic_below_min,False,,0.24
train,EUR_RUB,ruble_emb,60,False,-0.000311,0.474232,454,z_below_crit,False,0.009396,0.375,395,ic_below_min,False,,0.35
train,EUR_RUB,ruble_emb,90,False,-8.4e-05,0.73959,454,z_below_crit,False,0.031939,0.31,365,bootstrap_ci_includes_zero,False,,0.46
train,EUR_RUB,sanctions_emb,1,False,-0.001047,0.378921,454,z_below_crit,False,0.024347,0.675,454,ic_below_min,False,,0.16
train,EUR_RUB,sanctions_emb,7,False,-0.000993,0.412436,454,z_below_crit,False,0.088527,0.95,448,ic_below_min,False,,0.19
train,EUR_RUB,sanctions_emb,14,False,-0.000997,0.442012,454,z_below_crit,False,0.00766,0.53,441,ic_below_min,False,,0.19
train,EUR_RUB,sanctions_emb,30,False,-0.001119,0.426013,454,z_below_crit,False,0.013348,0.475,425,bootstrap_ci_includes_zero,False,,0.27
train,EUR_RUB,sanctions_emb,60,False,-1.6e-05,0.963393,454,z_below_crit,False,0.060711,0.14,395,bootstrap_ci_includes_zero,False,,0.33
train,EUR_RUB,sanctions_emb,90,False,0.000187,0.192368,454,z_below_crit,False,0.000107,0.45,365,ic_below_min,False,,0.52
train,EUR_RUB,inflation_emb,1,False,-0.002289,0.061581,454,z_below_crit,False,0.075157,0.065,454,bootstrap_ci_includes_zero,False,,0.24
train,EUR_RUB,inflation_emb,7,False,-0.000206,0.870624,454,z_below_crit,False,0.032703,0.3,448,bootstrap_ci_includes_zero,False,,0.18
train,EUR_RUB,inflation_emb,14,False,-0.000541,0.687673,454,z_below_crit,False,0.034402,0.23,441,bootstrap_ci_includes_zero,False,,0.23
train,EUR_RUB,inflation_emb,30,False,-0.000553,0.689157,454,z_below_crit,False,0.002045,0.55,425,ic_below_min,False,,0.22
train,EUR_RUB,inflation_emb,60,False,-0.000233,0.524232,454,z_below_crit,False,0.026086,0.665,395,ic_below_min,False,,0.36
train,EUR_RUB,inflation_emb,90,False,7e-06,0.963121,454,z_below_crit,False,0.025986,0.66,365,ic_below_min,False,,0.49
train,EUR_RUB,banking_emb,1,False,-9.8e-05,0.938866,454,z_below_crit,False,0.092104,0.96,454,ic_below_min,False,,0.2
train,EUR_RUB,banking_emb,7,False,0.000776,0.55826,454,z_below_crit,False,0.010647,0.6,448,ic_below_min,False,,0.19
train,EUR_RUB,banking_emb,14,False,0.000782,0.573989,454,z_below_crit,False,0.035247,0.23,441,bootstrap_ci_includes_zero,False,,0.17
train,EUR_RUB,banking_emb,30,False,0.000314,0.825246,454,z_below_crit,False,0.048875,0.79,425,ic_below_min,False,,0.24
train,EUR_RUB,banking_emb,60,False,-0.000216,0.592228,454,z_below_crit,True,0.096329,0.025,395,ok,False,,0.3
train,EUR_RUB,banking_emb,90,False,-6.7e-05,0.706607,454,z_below_crit,False,0.042119,0.745,365,ic_below_min,False,,0.5
train,EUR_RUB,gold_emb,1,False,0.000836,0.499684,454,z_below_crit,False,0.001362,0.535,454,ic_below_min,False,,0.26
train,EUR_RUB,gold_emb,7,False,0.000141,0.907728,454,z_below_crit,False,0.034863,0.72,448,ic_below_min,False,,0.17
train,EUR_RUB,gold_emb,14,False,0.001402,0.278051,454,z_below_crit,False,0.012214,0.615,441,ic_below_min,False,,0.2
train,EUR_RUB,gold_emb,30,False,-0.00122,0.364545,454,z_below_crit,False,0.005659,0.455,425,ic_below_min,False,,0.21
train,EUR_RUB,gold_emb,60,False,-0.000536,0.186898,454,z_below_crit,False,0.06889,0.105,395,bootstrap_ci_includes_zero,False,,0.33
train,EUR_RUB,gold_emb,90,False,-0.000266,0.148904,454,z_below_crit,False,0.177933,1.0,365,ic_below_min,False,,0.47
train,DJ_SOUTH_AFRICA,oil_emb,1,False,-4e-06,0.993028,454,z_below_crit,False,0.004253,0.525,454,ic_below_min,False,,0.2
train,DJ_SOUTH_AFRICA,oil_emb,7,False,-9.6e-05,0.848511,454,z_below_crit,False,0.037112,0.205,448,bootstrap_ci_includes_zero,False,,0.16
train,DJ_SOUTH_AFRICA,oil_emb,14,False,-0.000317,0.549773,454,z_below_crit,False,0.092734,0.965,441,ic_below_min,False,,0.19
train,DJ_SOUTH_AFRICA,oil_emb,30,False,-0.00107,0.077848,454,z_below_crit,False,0.031231,0.76,425,ic_below_min,False,,0.25
train,DJ_SOUTH_AFRICA,oil_emb,60,False,-1.1e-05,0.936454,454,z_below_crit,False,0.045771,0.79,395,ic_below_min,False,,0.37
train,DJ_SOUTH_AFRICA,oil_emb,90,False,-4.7e-05,0.407694,454,z_below_crit,False,0.004594,0.455,365,ic_below_min,False,,0.47
train,DJ_SOUTH_AFRICA,rate_emb,1,False,0.000971,0.063782,454,z_below_crit,False,0.031769,0.74,454,ic_below_min,False,,0.18
train,DJ_SOUTH_AFRICA,rate_emb,7,False,0.000262,0.628309,454,z_below_crit,False,0.007887,0.57,448,ic_below_min,False,,0.21
train,DJ_SOUTH_AFRICA,rate_emb,14,False,-0.000389,0.489302,454,z_below_crit,False,0.117387,0.985,441,ic_below_min,False,,0.19
train,DJ_SOUTH_AFRICA,rate_emb,30,False,0.000453,0.46744,454,z_below_crit,False,0.056931,0.845,425,ic_below_min,False,,0.2
train,DJ_SOUTH_AFRICA,rate_emb,60,False,-6.2e-05,0.651488,454,z_below_crit,False,0.03186,0.28,395,bootstrap_ci_includes_zero,False,,0.32
train,DJ_SOUTH_AFRICA,rate_emb,90,False,-3.3e-05,0.451045,454,z_below_crit,False,0.034686,0.725,365,ic_below_min,False,,0.46
train,DJ_SOUTH_AFRICA,ruble_emb,1,False,0.000341,0.522898,454,z_below_crit,False,0.060351,0.88,454,ic_below_min,False,,0.21
train,DJ_SOUTH_AFRICA,ruble_emb,7,False,-0.000822,0.138017,454,z_below_crit,False,0.03321,0.295,448,bootstrap_ci_includes_zero,False,,0.17
train,DJ_SOUTH_AFRICA,ruble_emb,14,False,-0.000264,0.654171,454,z_below_crit,False,0.025705,0.305,441,bootstrap_ci_includes_zero,False,,0.2
train,DJ_SOUTH_AFRICA,ruble_emb,30,False,0.000329,0.610379,454,z_below_crit,False,0.05554,0.84,425,ic_below_min,False,,0.24
train,DJ_SOUTH_AFRICA,ruble_emb,60,False,6e-05,0.71248,454,z_below_crit,False,0.038357,0.3,395,bootstrap_ci_includes_zero,False,,0.33
train,DJ_SOUTH_AFRICA,ruble_emb,90,False,-1e-06,0.991887,454,z_below_crit,False,0.015298,0.67,365,ic_below_min,False,,0.48
train,DJ_SOUTH_AFRICA,sanctions_emb,1,False,-6.3e-05,0.898368,454,z_below_crit,False,0.010291,0.39,454,bootstrap_ci_includes_zero,False,,0.19
train,DJ_SOUTH_AFRICA,sanctions_emb,7,True,0.001053,0.037742,454,ok,False,0.060868,0.905,448,ic_below_min,False,,0.17
train,DJ_SOUTH_AFRICA,sanctions_emb,14,False,0.000238,0.657777,454,z_below_crit,False,0.050714,0.155,441,bootstrap_ci_includes_zero,False,,0.2
train,DJ_SOUTH_AFRICA,sanctions_emb,30,False,-0.000466,0.439886,454,z_below_crit,False,0.074345,0.12,425,bootstrap_ci_includes_zero,False,,0.22
train,DJ_SOUTH_AFRICA,sanctions_emb,60,False,0.000148,0.383867,454,z_below_crit,False,0.04975,0.2,395,bootstrap_ci_includes_zero,False,,0.33
train,DJ_SOUTH_AFRICA,sanctions_emb,90,False,7.6e-05,0.321217,454,z_below_crit,False,0.019721,0.54,365,ic_below_min,False,,0.47
train,DJ_SOUTH_AFRICA,inflation_emb,1,False,-0.000191,0.707039,454,z_below_crit,False,0.043169,0.815,454,ic_below_min,False,,0.18
train,DJ_SOUTH_AFRICA,inflation_emb,7,False,0.000748,0.153715,454,z_below_crit,False,0.052013,0.08,448,bootstrap_ci_includes_zero,False,,0.19
train,DJ_SOUTH_AFRICA,inflation_emb,14,False,-0.000196,0.72405,454,z_below_crit,False,0.056058,0.865,441,ic_below_min,False,,0.23
train,DJ_SOUTH_AFRICA,inflation_emb,30,False,-9.4e-05,0.876259,454,z_below_crit,False,0.053521,0.855,425,ic_below_min,False,,0.22
train,DJ_SOUTH_AFRICA,inflation_emb,60,False,-9e-06,0.958303,454,z_below_crit,False,0.053898,0.805,395,ic_below_min,False,,0.31
train,DJ_SOUTH_AFRICA,inflation_emb,90,False,-1e-05,0.891905,454,z_below_crit,False,0.021395,0.605,365,ic_below_min,False,,0.5
train,DJ_SOUTH_AFRICA,banking_emb,1,False,0.000463,0.382125,454,z_below_crit,False,0.016845,0.385,454,bootstrap_ci_includes_zero,False,,0.19
train,DJ_SOUTH_AFRICA,banking_emb,7,False,2.1e-05,0.969456,454,z_below_crit,False,0.006036,0.52,448,ic_below_min,False,,0.16
train,DJ_SOUTH_AFRICA,banking_emb,14,False,0.000307,0.587686,454,z_below_crit,False,0.04691,0.805,441,ic_below_min,False,,0.17
train,DJ_SOUTH_AFRICA,banking_emb,30,False,9.8e-05,0.877606,454,z_below_crit,False,0.015865,0.405,425,bootstrap_ci_includes_zero,False,,0.24
train,DJ_SOUTH_AFRICA,banking_emb,60,False,-1.9e-05,0.900105,454,z_below_crit,False,0.021571,0.285,395,bootstrap_ci_includes_zero,False,,0.37
train,DJ_SOUTH_AFRICA,banking_emb,90,False,-2.5e-05,0.67789,454,z_below_crit,False,0.116257,0.98,365,ic_below_min,False,,0.47
train,DJ_SOUTH_AFRICA,gold_emb,1,False,-0.000133,0.795021,454,z_below_crit,False,0.008477,0.595,454,ic_below_min,False,,0.17
train,DJ_SOUTH_AFRICA,gold_emb,7,False,0.000304,0.556691,454,z_below_crit,False,0.035532,0.2,448,bootstrap_ci_includes_zero,False,,0.17
train,DJ_SOUTH_AFRICA,gold_emb,14,False,0.000695,0.200906,454,z_below_crit,False,0.080719,0.065,441,bootstrap_ci_includes_zero,False,,0.19
train,DJ_SOUTH_AFRICA,gold_emb,30,True,-0.0016,0.007642,454,ok,False,0.04253,0.21,425,bootstrap_ci_includes_zero,False,,0.22
train,DJ_SOUTH_AFRICA,gold_emb,60,False,-0.000127,0.530708,454,z_below_crit,False,0.019262,0.61,395,ic_below_min,False,,0.35
train,DJ_SOUTH_AFRICA,gold_emb,90,False,2.3e-05,0.783712,454,z_below_crit,False,0.020516,0.67,365,ic_below_min,False,,0.48
train,MSCI_WORLD,oil_emb,1,False,0.000333,0.462977,454,z_below_crit,False,0.00782,0.605,454,ic_below_min,False,,0.18
train,MSCI_WORLD,oil_emb,7,False,0.000494,0.289359,454,z_below_crit,False,0.020097,0.295,448,bootstrap_ci_includes_zero,False,,0.15
train,MSCI_WORLD,oil_emb,14,False,-4.8e-05,0.922752,454,z_below_crit,False,0.030243,0.755,441,ic_below_min,False,,0.2
train,MSCI_WORLD,oil_emb,30,False,-0.000724,0.209917,454,z_below_crit,False,0.021716,0.655,425,ic_below_min,False,,0.27
train,MSCI_WORLD,oil_emb,60,False,8.1e-05,0.618388,454,z_below_crit,False,0.019186,0.305,395,bootstrap_ci_includes_zero,False,,0.33
train,MSCI_WORLD,oil_emb,90,False,-1.7e-05,0.799465,454,z_below_crit,False,0.03387,0.28,365,bootstrap_ci_includes_zero,False,,0.46
train,MSCI_WORLD,rate_emb,1,False,-2.7e-05,0.957388,454,z_below_crit,False,0.032832,0.235,454,bootstrap_ci_includes_zero,False,,0.21
train,MSCI_WORLD,rate_emb,7,False,0.000805,0.123572,454,z_below_crit,False,0.049216,0.785,448,ic_below_min,False,,0.19
train,MSCI_WORLD,rate_emb,14,False,-0.000768,0.158343,454,z_below_crit,False,0.015387,0.6,441,ic_below_min,False,,0.18
train,MSCI_WORLD,rate_emb,30,False,0.001064,0.077199,454,z_below_crit,False,0.042409,0.73,425,ic_below_min,False,,0.21
train,MSCI_WORLD,rate_emb,60,False,-7.3e-05,0.670234,454,z_below_crit,False,0.011702,0.635,395,ic_below_min,False,,0.32
train,MSCI_WORLD,rate_emb,90,False,1.9e-05,0.767514,454,z_below_crit,False,0.039343,0.225,365,bootstrap_ci_includes_zero,False,,0.5
train,MSCI_WORLD,ruble_emb,1,False,0.000673,0.191211,454,z_below_crit,False,0.004339,0.45,454,ic_below_min,False,,0.17
train,MSCI_WORLD,ruble_emb,7,False,0.000256,0.632496,454,z_below_crit,False,0.025557,0.71,448,ic_below_min,False,,0.15
train,MSCI_WORLD,ruble_emb,14,False,-0.00017,0.763779,454,z_below_crit,False,0.018162,0.645,441,ic_below_min,False,,0.19
train,MSCI_WORLD,ruble_emb,30,False,-0.000626,0.320403,454,z_below_crit,False,0.021499,0.685,425,ic_below_min,False,,0.27
train,MSCI_WORLD,ruble_emb,60,False,-7.9e-05,0.637257,454,z_below_crit,False,0.014042,0.405,395,bootstrap_ci_includes_zero,False,,0.32
train,MSCI_WORLD,ruble_emb,90,False,1.3e-05,0.855517,454,z_below_crit,False,0.050181,0.18,365,bootstrap_ci_includes_zero,False,,0.46
train,MSCI_WORLD,sanctions_emb,1,False,3.2e-05,0.945888,454,z_below_crit,False,0.049447,0.18,454,bootstrap_ci_includes_zero,False,,0.21
train,MSCI_WORLD,sanctions_emb,7,False,-8.2e-05,0.866121,454,z_below_crit,False,0.037812,0.285,448,bootstrap_ci_includes_zero,False,,0.19
train,MSCI_WORLD,sanctions_emb,14,False,-0.000142,0.779278,454,z_below_crit,False,0.01621,0.565,441,ic_below_min,False,,0.17
train,MSCI_WORLD,sanctions_emb,30,False,-0.000406,0.493188,454,z_below_crit,False,0.009202,0.465,425,ic_below_min,False,,0.24
train,MSCI_WORLD,sanctions_emb,60,False,2.6e-05,0.829653,454,z_below_crit,False,0.030542,0.67,395,ic_below_min,False,,0.34
train,MSCI_WORLD,sanctions_emb,90,False,3.4e-05,0.529365,454,z_below_crit,False,0.037259,0.68,365,ic_below_min,False,,0.5
train,MSCI_WORLD,inflation_emb,1,False,-0.00016,0.744126,454,z_below_crit,False,0.044131,0.825,454,ic_below_min,False,,0.17
train,MSCI_WORLD,inflation_emb,7,False,-0.000241,0.633474,454,z_below_crit,False,0.03402,0.275,448,bootstrap_ci_includes_zero,False,,0.19
train,MSCI_WORLD,inflation_emb,14,False,0.000138,0.794847,454,z_below_crit,False,0.063526,0.93,441,ic_below_min,False,,0.18
train,MSCI_WORLD,inflation_emb,30,False,-0.000146,0.804935,454,z_below_crit,False,0.033332,0.715,425,ic_below_min,False,,0.22
train,MSCI_WORLD,inflation_emb,60,False,-0.000124,0.472725,454,z_below_crit,True,0.091466,0.03,395,ok,False,,0.33
train,MSCI_WORLD,inflation_emb,90,False,5.3e-05,0.495789,454,z_below_crit,False,0.063508,0.88,365,ic_below_min,False,,0.48
train,MSCI_WORLD,banking_emb,1,False,0.000447,0.383609,454,z_below_crit,False,0.037824,0.77,454,ic_below_min,False,,0.17
train,MSCI_WORLD,banking_emb,7,False,0.000142,0.788957,454,z_below_crit,False,0.094496,0.965,448,ic_below_min,False,,0.17
train,MSCI_WORLD,banking_emb,14,False,0.000643,0.238843,454,z_below_crit,False,0.024853,0.335,441,bootstrap_ci_includes_zero,False,,0.18
train,MSCI_WORLD,banking_emb,30,False,-0.000289,0.64276,454,z_below_crit,False,0.021306,0.615,425,ic_below_min,False,,0.21
train,MSCI_WORLD,banking_emb,60,False,4.7e-05,0.725564,454,z_below_crit,False,0.08183,0.055,395,bootstrap_ci_includes_zero,False,,0.37
train,MSCI_WORLD,banking_emb,90,False,-1.9e-05,0.668148,454,z_below_crit,False,0.016971,0.57,365,ic_below_min,False,,0.5
train,MSCI_WORLD,gold_emb,1,False,0.000219,0.659027,454,z_below_crit,False,0.008386,0.595,454,ic_below_min,False,,0.2
train,MSCI_WORLD,gold_emb,7,False,-7.6e-05,0.87572,454,z_below_crit,False,0.097622,0.96,448,ic_below_min,False,,0.18
train,MSCI_WORLD,gold_emb,14,False,-0.000134,0.794992,454,z_below_crit,False,0.115868,0.985,441,ic_below_min,False,,0.2
train,MSCI_WORLD,gold_emb,30,False,-0.000396,0.498568,454,z_below_crit,False,0.101084,0.965,425,ic_below_min,False,,0.21
train,MSCI_WORLD,gold_emb,60,False,-0.0001,0.585608,454,z_below_crit,False,0.013306,0.385,395,bootstrap_ci_includes_zero,False,,0.36
train,MSCI_WORLD,gold_emb,90,False,-3e-06,0.974234,454,z_below_crit,False,0.017097,0.64,365,ic_below_min,False,,0.46
train,DXY,oil_emb,1,False,0.000195,0.373361,451,z_below_crit,False,0.072864,0.925,451,ic_below_min,False,,0.16
train,DXY,oil_emb,7,False,-9.5e-05,0.67937,451,z_below_crit,False,0.027925,0.27,445,bootstrap_ci_includes_zero,False,,0.19
train,DXY,oil_emb,14,False,8.9e-05,0.718384,451,z_below_crit,False,0.023752,0.65,438,ic_below_min,False,,0.2
train,DXY,oil_emb,30,False,0.000193,0.501801,451,z_below_crit,False,0.007052,0.505,422,ic_below_min,False,,0.21
train,DXY,oil_emb,60,False,8e-06,0.912681,451,z_below_crit,False,0.024947,0.3,392,bootstrap_ci_includes_zero,False,,0.34
train,DXY,oil_emb,90,False,4e-05,0.247981,451,z_below_crit,False,0.068121,0.84,362,ic_below_min,False,,0.48
train,DXY,rate_emb,1,False,5.2e-05,0.831832,451,z_below_crit,False,0.039019,0.77,451,ic_below_min,False,,0.17
train,DXY,rate_emb,7,False,-0.000136,0.588615,451,z_below_crit,False,0.002805,0.56,445,ic_below_min,False,,0.17
train,DXY,rate_emb,14,True,0.000614,0.019662,451,ok,False,0.076742,0.055,438,bootstrap_ci_includes_zero,False,,0.68
train,DXY,rate_emb,30,False,8.8e-05,0.762204,451,z_below_crit,False,0.097559,0.965,422,ic_below_min,False,,0.84
train,DXY,rate_emb,60,False,3.5e-05,0.56429,451,z_below_crit,False,0.09958,0.975,392,ic_below_min,False,,0.66
train,DXY,rate_emb,90,False,7e-06,0.749552,451,z_below_crit,False,0.075164,0.89,362,ic_below_min,False,,1.09
train,DXY,ruble_emb,1,False,-3.1e-05,0.900603,451,z_below_crit,False,0.011218,0.59,451,ic_below_min,False,,0.23
train,DXY,ruble_emb,7,False,0.000103,0.691255,451,z_below_crit,False,0.059216,0.89,445,ic_below_min,False,,0.24
train,DXY,ruble_emb,14,False,-5.6e-05,0.838181,451,z_below_crit,False,0.053431,0.875,438,ic_below_min,False,,0.23
train,DXY,ruble_emb,30,False,3.7e-05,0.902268,451,z_below_crit,False,0.062906,0.095,422,bootstrap_ci_includes_zero,False,,0.32
train,DXY,ruble_emb,60,False,3.1e-05,0.690725,451,z_below_crit,False,0.04251,0.76,392,ic_below_min,False,,0.41
train,DXY,ruble_emb,90,False,0.0,0.997215,451,z_below_crit,False,0.050249,0.185,362,bootstrap_ci_includes_zero,False,,0.46
train,DXY,sanctions_emb,1,False,1e-05,0.96457,451,z_below_crit,False,0.049387,0.135,451,bootstrap_ci_includes_zero,False,,0.16
train,DXY,sanctions_emb,7,False,-0.000125,0.601837,451,z_below_crit,False,0.047465,0.85,445,ic_below_min,False,,0.18
train,DXY,sanctions_emb,14,False,0.000231,0.362393,451,z_below_crit,False,0.051651,0.085,438,bootstrap_ci_includes_zero,False,,0.22
train,DXY,sanctions_emb,30,False,-0.000297,0.30641,451,z_below_crit,True,0.103423,0.04,422,ok,False,,0.22
train,DXY,sanctions_emb,60,False,-5.4e-05,0.443041,451,z_below_crit,False,0.007771,0.43,392,ic_below_min,False,,0.32
train,DXY,sanctions_emb,90,False,-5.9e-05,0.11443,451,z_below_crit,False,0.043759,0.245,362,bootstrap_ci_includes_zero,False,,0.57
train,DXY,inflation_emb,1,False,0.000117,0.62163,451,z_below_crit,False,0.020039,0.635,451,ic_below_min,False,,0.46
train,DXY,inflation_emb,7,False,0.00026,0.285856,451,z_below_crit,False,0.058754,0.105,445,bootstrap_ci_includes_zero,False,,0.19
train,DXY,inflation_emb,14,False,-0.000179,0.48769,451,z_below_crit,False,0.02969,0.235,438,bootstrap_ci_includes_zero,False,,0.17
train,DXY,inflation_emb,30,False,-0.000106,0.715397,451,z_below_crit,False,0.036527,0.765,422,ic_below_min,False,,0.24
train,DXY,inflation_emb,60,False,1.4e-05,0.833613,451,z_below_crit,False,0.018125,0.625,392,ic_below_min,False,,0.88
train,DXY,inflation_emb,90,False,1.1e-05,0.643462,451,z_below_crit,False,0.093041,0.965,362,ic_below_min,False,,0.94
train,DXY,banking_emb,1,False,-0.000298,0.226397,451,z_below_crit,False,0.08202,0.055,451,bootstrap_ci_includes_zero,False,,0.28
train,DXY,banking_emb,7,False,1.8e-05,0.944153,451,z_below_crit,False,0.033462,0.235,445,bootstrap_ci_includes_zero,False,,0.24
train,DXY,banking_emb,14,False,-0.000177,0.504964,451,z_below_crit,False,0.017796,0.345,438,bootstrap_ci_includes_zero,False,,0.32
train,DXY,banking_emb,30,False,-3.5e-05,0.910061,451,z_below_crit,False,0.015501,0.625,422,ic_below_min,False,,0.28
train,DXY,banking_emb,60,False,1.5e-05,0.808763,451,z_below_crit,False,0.044172,0.215,392,bootstrap_ci_includes_zero,False,,0.41
train,DXY,banking_emb,90,False,-3e-06,0.920002,451,z_below_crit,True,0.114847,0.02,362,ok,False,,0.47
train,DXY,gold_emb,1,False,0.000195,0.411791,451,z_below_crit,False,0.008549,0.445,451,ic_below_min,False,,0.19
train,DXY,gold_emb,7,False,2.6e-05,0.912572,451,z_below_crit,False,0.038172,0.18,445,bootstrap_ci_includes_zero,False,,0.2
train,DXY,gold_emb,14,False,0.000106,0.670924,451,z_below_crit,False,0.12373,0.995,438,ic_below_min,False,,0.22
train,DXY,gold_emb,30,False,0.000381,0.176153,451,z_below_crit,False,0.059992,0.855,422,ic_below_min,False,,0.23
train,DXY,gold_emb,60,False,2.6e-05,0.659224,451,z_below_crit,False,0.009061,0.565,392,ic_below_min,False,,0.35
train,DXY,gold_emb,90,False,2e-05,0.491226,451,z_below_crit,False,0.00916,0.54,362,ic_below_min,False,,0.54
train,BRENT,oil_emb,1,False,-0.000527,0.609429,450,z_below_crit,False,0.023864,0.295,450,bootstrap_ci_includes_zero,False,,0.21
train,BRENT,oil_emb,7,False,0.001331,0.227282,450,z_below_crit,False,0.027163,0.735,444,ic_below_min,False,,0.2
train,BRENT,oil_emb,14,False,0.000471,0.693369,450,z_below_crit,False,0.040033,0.275,437,bootstrap_ci_includes_zero,False,,0.2
train,BRENT,oil_emb,30,False,-0.000143,0.913008,450,z_below_crit,False,0.110408,0.975,421,ic_below_min,False,,0.25
train,BRENT,oil_emb,60,False,0.00017,0.671582,450,z_below_crit,False,0.054432,0.805,391,ic_below_min,False,,0.33
train,BRENT,oil_emb,90,False,5.3e-05,0.790823,450,z_below_crit,False,0.051871,0.815,361,ic_below_min,False,,0.48
train,BRENT,rate_emb,1,False,-0.000529,0.649526,450,z_below_crit,False,0.022039,0.345,450,bootstrap_ci_includes_zero,False,,0.22
train,BRENT,rate_emb,7,False,0.000848,0.480087,450,z_below_crit,False,0.046428,0.79,444,ic_below_min,False,,0.2
train,BRENT,rate_emb,14,False,-1.8e-05,0.988517,450,z_below_crit,False,0.01208,0.53,437,ic_below_min,False,,0.2
train,BRENT,rate_emb,30,False,-0.001509,0.261208,450,z_below_crit,False,0.069155,0.1,421,bootstrap_ci_includes_zero,False,,0.25
train,BRENT,rate_emb,60,False,-0.000255,0.518506,450,z_below_crit,False,0.063155,0.13,391,bootstrap_ci_includes_zero,False,,0.38
train,BRENT,rate_emb,90,False,0.000118,0.475698,450,z_below_crit,False,0.069731,0.845,361,ic_below_min,False,,0.49
train,BRENT,ruble_emb,1,False,-0.000368,0.757482,450,z_below_crit,False,0.068642,0.075,450,bootstrap_ci_includes_zero,False,,0.19
train,BRENT,ruble_emb,7,False,-0.002265,0.066474,450,z_below_crit,False,0.05001,0.835,444,ic_below_min,False,,0.19
train,BRENT,ruble_emb,14,False,0.00029,0.82525,450,z_below_crit,False,0.039041,0.215,437,bootstrap_ci_includes_zero,False,,0.2
train,BRENT,ruble_emb,30,False,0.001352,0.329994,450,z_below_crit,False,0.093502,0.06,421,bootstrap_ci_includes_zero,False,,0.27
train,BRENT,ruble_emb,60,False,-5.9e-05,0.885158,450,z_below_crit,False,0.007006,0.555,391,ic_below_min,False,,0.36
train,BRENT,ruble_emb,90,False,0.000125,0.461724,450,z_below_crit,False,0.042096,0.76,361,ic_below_min,False,,0.48
train,BRENT,sanctions_emb,1,False,0.000238,0.827924,450,z_below_crit,False,0.020228,0.36,450,bootstrap_ci_includes_zero,False,,0.23
train,BRENT,sanctions_emb,7,False,0.000739,0.518606,450,z_below_crit,False,0.011133,0.485,444,bootstrap_ci_includes_zero,False,,0.24
train,BRENT,sanctions_emb,14,False,-0.000389,0.750526,450,z_below_crit,False,0.005714,0.435,437,ic_below_min,False,,0.23
train,BRENT,sanctions_emb,30,False,8.1e-05,0.95227,450,z_below_crit,False,0.052997,0.845,421,ic_below_min,False,,0.27
train,BRENT,sanctions_emb,60,False,-0.000188,0.621866,450,z_below_crit,False,0.000213,0.48,391,ic_below_min,False,,0.34
train,BRENT,sanctions_emb,90,False,-0.000112,0.506767,450,z_below_crit,False,0.031869,0.285,361,bootstrap_ci_includes_zero,False,,0.51
train,BRENT,inflation_emb,1,False,0.001241,0.273603,450,z_below_crit,False,0.015296,0.38,450,bootstrap_ci_includes_zero,False,,0.17
train,BRENT,inflation_emb,7,False,0.001603,0.171952,450,z_below_crit,False,0.076004,0.06,444,bootstrap_ci_includes_zero,False,,0.22
train,BRENT,inflation_emb,14,False,0.000596,0.633319,450,z_below_crit,False,0.000254,0.48,437,ic_below_min,False,,0.19
train,BRENT,inflation_emb,30,False,0.001251,0.359743,450,z_below_crit,False,0.03785,0.735,421,ic_below_min,False,,0.22
train,BRENT,inflation_emb,60,False,-3.6e-05,0.91036,450,z_below_crit,False,0.058754,0.105,391,bootstrap_ci_includes_zero,False,,0.32
train,BRENT,inflation_emb,90,False,4e-06,0.970823,450,z_below_crit,False,0.066245,0.155,361,bootstrap_ci_includes_zero,False,,0.51
train,BRENT,banking_emb,1,False,0.000202,0.863346,450,z_below_crit,True,0.111886,0.035,450,ok,False,,0.17
train,BRENT,banking_emb,7,False,-0.000285,0.816015,450,z_below_crit,False,0.04297,0.185,444,bootstrap_ci_includes_zero,False,,0.16
train,BRENT,banking_emb,14,False,0.000143,0.90993,450,z_below_crit,False,0.018136,0.355,437,bootstrap_ci_includes_zero,False,,0.19
train,BRENT,banking_emb,30,False,-0.001677,0.238005,450,z_below_crit,False,0.004115,0.405,421,ic_below_min,False,,0.23
train,BRENT,banking_emb,60,False,0.000195,0.585168,450,z_below_crit,False,0.050506,0.2,391,bootstrap_ci_includes_zero,False,,0.33
train,BRENT,banking_emb,90,False,-6e-05,0.661305,450,z_below_crit,False,0.014385,0.59,361,ic_below_min,False,,0.47
train,BRENT,gold_emb,1,False,0.000984,0.386108,450,z_below_crit,False,0.019493,0.6,450,ic_below_min,False,,0.19
train,BRENT,gold_emb,7,True,0.002815,0.014585,450,ok,False,0.017949,0.33,444,bootstrap_ci_includes_zero,False,,0.21
train,BRENT,gold_emb,14,False,-0.000118,0.923129,450,z_below_crit,False,0.008556,0.54,437,ic_below_min,False,,0.21
train,BRENT,gold_emb,30,False,-0.000128,0.92377,450,z_below_crit,False,0.055355,0.845,421,ic_below_min,False,,0.24
train,BRENT,gold_emb,60,False,3.2e-05,0.917396,450,z_below_crit,False,0.029198,0.32,391,bootstrap_ci_includes_zero,False,,0.39
train,BRENT,gold_emb,90,False,0.000154,0.329361,450,z_below_crit,False,0.015774,0.395,361,bootstrap_ci_includes_zero,False,,0.45
train,MSCI_INDIA,oil_emb,1,False,0.000425,0.329227,449,z_below_crit,False,0.121327,1.0,449,ic_below_min,False,,0.19
train,MSCI_INDIA,oil_emb,7,False,0.00066,0.147059,449,z_below_crit,False,0.027045,0.31,443,bootstrap_ci_includes_zero,False,,0.21
train,MSCI_INDIA,oil_emb,14,False,-0.00014,0.768419,449,z_below_crit,False,0.010794,0.435,436,bootstrap_ci_includes_zero,False,,0.17
train,MSCI_INDIA,oil_emb,30,False,-0.000323,0.309407,449,z_below_crit,False,0.050234,0.825,420,ic_below_min,False,,0.2
train,MSCI_INDIA,oil_emb,60,False,6.3e-05,0.594359,449,z_below_crit,False,0.060387,0.15,390,bootstrap_ci_includes_zero,False,,0.33
train,MSCI_INDIA,oil_emb,90,False,-8e-06,0.895542,449,z_below_crit,False,0.043008,0.795,360,ic_below_min,False,,0.44
train,MSCI_INDIA,rate_emb,1,False,0.000692,0.158527,449,z_below_crit,False,0.080879,0.065,449,bootstrap_ci_includes_zero,False,,0.23
train,MSCI_INDIA,rate_emb,7,False,-0.000187,0.711828,449,z_below_crit,False,0.006496,0.51,443,ic_below_min,False,,0.17
train,MSCI_INDIA,rate_emb,14,False,-0.000375,0.479298,449,z_below_crit,False,0.005776,0.55,436,ic_below_min,False,,0.22
train,MSCI_INDIA,rate_emb,30,False,0.000402,0.25025,449,z_below_crit,False,0.044657,0.205,420,bootstrap_ci_includes_zero,False,,0.21
train,MSCI_INDIA,rate_emb,60,False,-0.000172,0.215329,449,z_below_crit,False,0.046895,0.79,390,ic_below_min,False,,0.33
train,MSCI_INDIA,rate_emb,90,False,-2.8e-05,0.566817,449,z_below_crit,False,0.000676,0.515,360,ic_below_min,False,,0.49
train,MSCI_INDIA,ruble_emb,1,False,6e-05,0.904635,449,z_below_crit,False,0.016305,0.605,449,ic_below_min,False,,0.17
train,MSCI_INDIA,ruble_emb,7,False,0.000387,0.454643,449,z_below_crit,False,0.07532,0.91,443,ic_below_min,False,,0.19
train,MSCI_INDIA,ruble_emb,14,False,-0.000192,0.72569,449,z_below_crit,False,0.116995,0.99,436,ic_below_min,False,,0.21
train,MSCI_INDIA,ruble_emb,30,False,0.000219,0.548321,449,z_below_crit,False,0.071656,0.92,420,ic_below_min,False,,0.22
train,MSCI_INDIA,ruble_emb,60,False,1e-06,0.993349,449,z_below_crit,False,0.068355,0.885,390,ic_below_min,False,,0.35
train,MSCI_INDIA,ruble_emb,90,False,0.0,0.998842,449,z_below_crit,False,0.02077,0.355,360,bootstrap_ci_includes_zero,False,,0.46
train,MSCI_INDIA,sanctions_emb,1,False,-0.000474,0.301543,449,z_below_crit,False,0.027734,0.285,449,bootstrap_ci_includes_zero,False,,0.16
train,MSCI_INDIA,sanctions_emb,7,False,4.7e-05,0.920965,449,z_below_crit,False,0.021837,0.65,443,ic_below_min,False,,0.17
train,MSCI_INDIA,sanctions_emb,14,False,-0.000427,0.388603,449,z_below_crit,False,0.003626,0.565,436,ic_below_min,False,,0.18
train,MSCI_INDIA,sanctions_emb,30,False,-0.000171,0.615438,449,z_below_crit,False,0.024676,0.3,420,bootstrap_ci_includes_zero,False,,0.24
train,MSCI_INDIA,sanctions_emb,60,False,4.8e-05,0.722815,449,z_below_crit,False,0.050789,0.765,390,ic_below_min,False,,0.31
train,MSCI_INDIA,sanctions_emb,90,False,-5e-06,0.944054,449,z_below_crit,False,0.119149,0.99,360,ic_below_min,False,,0.46
train,MSCI_INDIA,inflation_emb,1,False,-0.000126,0.791654,449,z_below_crit,False,0.041225,0.82,449,ic_below_min,False,,0.19
train,MSCI_INDIA,inflation_emb,7,False,-0.000307,0.530072,449,z_below_crit,False,0.035626,0.755,443,ic_below_min,False,,0.19
train,MSCI_INDIA,inflation_emb,14,False,0.000786,0.128546,449,z_below_crit,False,0.067171,0.885,436,ic_below_min,False,,0.22
train,MSCI_INDIA,inflation_emb,30,False,0.000187,0.605102,449,z_below_crit,False,0.022561,0.6,420,ic_below_min,False,,0.24
train,MSCI_INDIA,inflation_emb,60,False,-6e-05,0.72169,449,z_below_crit,False,0.050616,0.875,390,ic_below_min,False,,0.3
train,MSCI_INDIA,inflation_emb,90,False,2e-05,0.797722,449,z_below_crit,False,0.043881,0.25,360,bootstrap_ci_includes_zero,False,,0.48
train,MSCI_INDIA,banking_emb,1,False,1.6e-05,0.975035,449,z_below_crit,False,0.036699,0.245,449,bootstrap_ci_includes_zero,False,,0.17
train,MSCI_INDIA,banking_emb,7,False,0.000156,0.759941,449,z_below_crit,False,0.059368,0.83,443,ic_below_min,False,,0.17
train,MSCI_INDIA,banking_emb,14,False,0.000396,0.452323,449,z_below_crit,False,0.072087,0.12,436,bootstrap_ci_includes_zero,False,,0.22
train,MSCI_INDIA,banking_emb,30,False,-0.000403,0.201761,449,z_below_crit,False,0.076169,0.89,420,ic_below_min,False,,0.21
train,MSCI_INDIA,banking_emb,60,False,-5e-06,0.956765,449,z_below_crit,False,0.033965,0.235,390,bootstrap_ci_includes_zero,False,,0.33
train,MSCI_INDIA,banking_emb,90,False,-3.4e-05,0.332736,449,z_below_crit,False,0.01372,0.41,360,bootstrap_ci_includes_zero,False,,0.46
train,MSCI_INDIA,gold_emb,1,False,0.000227,0.637102,449,z_below_crit,False,0.008451,0.59,449,ic_below_min,False,,0.17
train,MSCI_INDIA,gold_emb,7,False,0.000291,0.540532,449,z_below_crit,False,0.039221,0.775,443,ic_below_min,False,,0.21
train,MSCI_INDIA,gold_emb,14,False,0.000367,0.463301,449,z_below_crit,False,0.027985,0.685,436,ic_below_min,False,,0.22
train,MSCI_INDIA,gold_emb,30,False,-3.4e-05,0.91703,449,z_below_crit,False,0.042059,0.22,420,bootstrap_ci_includes_zero,False,,0.24
train,MSCI_INDIA,gold_emb,60,False,5.9e-05,0.685409,449,z_below_crit,False,0.087532,0.955,390,ic_below_min,False,,0.32
train,MSCI_INDIA,gold_emb,90,False,5.3e-05,0.444996,449,z_below_crit,False,0.054542,0.855,360,ic_below_min,False,,0.45
train,CHINA_H_SHARES,oil_emb,1,False,1e-05,0.990913,430,z_below_crit,False,0.086328,0.97,430,ic_below_min,False,,0.19
train,CHINA_H_SHARES,oil_emb,7,False,0.000279,0.770472,430,z_below_crit,False,0.021407,0.335,424,bootstrap_ci_includes_zero,False,,0.14
train,CHINA_H_SHARES,oil_emb,14,False,-8.5e-05,0.93339,430,z_below_crit,False,0.009298,0.565,417,ic_below_min,False,,0.21
train,CHINA_H_SHARES,oil_emb,30,False,0.000522,0.436129,430,z_below_crit,False,0.079905,0.925,401,ic_below_min,False,,0.22
train,CHINA_H_SHARES,oil_emb,60,False,-6e-06,0.982174,430,z_below_crit,False,0.034562,0.295,371,bootstrap_ci_includes_zero,False,,0.31
train,CHINA_H_SHARES,oil_emb,90,False,1.8e-05,0.881518,430,z_below_crit,True,0.117094,0.03,341,ok,False,,0.47
train,CHINA_H_SHARES,rate_emb,1,False,0.001242,0.217829,430,z_below_crit,False,0.090139,0.945,430,ic_below_min,False,,0.16
train,CHINA_H_SHARES,rate_emb,7,False,0.000189,0.855316,430,z_below_crit,False,0.047122,0.175,424,bootstrap_ci_includes_zero,False,,0.2
train,CHINA_H_SHARES,rate_emb,14,True,-0.002277,0.036404,430,ok,False,0.077115,0.105,417,bootstrap_ci_includes_zero,False,,0.17
train,CHINA_H_SHARES,rate_emb,30,False,0.000461,0.459163,430,z_below_crit,False,0.020217,0.315,401,bootstrap_ci_includes_zero,False,,0.25
train,CHINA_H_SHARES,rate_emb,60,False,0.000131,0.600798,430,z_below_crit,False,0.030953,0.285,371,bootstrap_ci_includes_zero,False,,0.32
train,CHINA_H_SHARES,rate_emb,90,False,-9e-06,0.92775,430,z_below_crit,False,0.045211,0.765,341,ic_below_min,False,,0.47
train,CHINA_H_SHARES,ruble_emb,1,False,0.001706,0.097096,430,z_below_crit,False,0.037078,0.2,430,bootstrap_ci_includes_zero,False,,0.17
train,CHINA_H_SHARES,ruble_emb,7,True,-0.002731,0.0111,430,ok,False,0.071962,0.07,424,bootstrap_ci_includes_zero,False,,0.21
train,CHINA_H_SHARES,ruble_emb,14,False,0.000682,0.549378,430,z_below_crit,False,0.032448,0.71,417,ic_below_min,False,,0.21
train,CHINA_H_SHARES,ruble_emb,30,False,-0.000172,0.801662,430,z_below_crit,False,0.02403,0.68,401,ic_below_min,False,,0.24
train,CHINA_H_SHARES,ruble_emb,60,False,0.000116,0.683793,430,z_below_crit,False,0.084443,0.1,371,bootstrap_ci_includes_zero,False,,0.33
train,CHINA_H_SHARES,ruble_emb,90,False,-9.7e-05,0.468667,430,z_below_crit,False,0.075634,0.91,341,ic_below_min,False,,0.44
train,CHINA_H_SHARES,sanctions_emb,1,False,-0.000707,0.458028,430,z_below_crit,False,0.033286,0.745,430,ic_below_min,False,,0.16
train,CHINA_H_SHARES,sanctions_emb,7,False,0.000488,0.621675,430,z_below_crit,False,0.054668,0.845,424,ic_below_min,False,,0.17
train,CHINA_H_SHARES,sanctions_emb,14,False,0.00046,0.657107,430,z_below_crit,False,0.021891,0.6,417,ic_below_min,False,,0.19
train,CHINA_H_SHARES,sanctions_emb,30,False,-0.000405,0.536657,430,z_below_crit,False,0.043048,0.19,401,bootstrap_ci_includes_zero,False,,0.24
train,CHINA_H_SHARES,sanctions_emb,60,False,1.4e-05,0.950937,430,z_below_crit,False,0.053888,0.2,371,bootstrap_ci_includes_zero,False,,0.35
train,CHINA_H_SHARES,sanctions_emb,90,False,-3e-05,0.788426,430,z_below_crit,False,0.005294,0.465,341,ic_below_min,False,,0.44
train,CHINA_H_SHARES,inflation_emb,1,False,0.000898,0.362935,430,z_below_crit,False,0.005978,0.54,430,ic_below_min,False,,0.17
train,CHINA_H_SHARES,inflation_emb,7,False,-5.9e-05,0.954041,430,z_below_crit,False,0.049628,0.14,424,bootstrap_ci_includes_zero,False,,0.19
train,CHINA_H_SHARES,inflation_emb,14,False,-0.002072,0.052554,430,z_below_crit,False,0.071265,0.1,417,bootstrap_ci_includes_zero,False,,0.19
train,CHINA_H_SHARES,inflation_emb,30,False,0.000338,0.653291,430,z_below_crit,False,0.035394,0.265,401,bootstrap_ci_includes_zero,False,,0.25
train,CHINA_H_SHARES,inflation_emb,60,False,0.000204,0.575337,430,z_below_crit,False,0.027164,0.305,371,bootstrap_ci_includes_zero,False,,0.32
train,CHINA_H_SHARES,inflation_emb,90,False,-0.000115,0.46458,430,z_below_crit,False,0.065195,0.85,341,ic_below_min,False,,0.43
train,CHINA_H_SHARES,banking_emb,1,False,-4.9e-05,0.961207,430,z_below_crit,False,0.06595,0.125,430,bootstrap_ci_includes_zero,False,,0.19
train,CHINA_H_SHARES,banking_emb,7,False,-2e-05,0.984786,430,z_below_crit,False,0.03391,0.78,424,ic_below_min,False,,0.17
train,CHINA_H_SHARES,banking_emb,14,False,-0.000221,0.839058,430,z_below_crit,False,0.000462,0.55,417,ic_below_min,False,,0.18
train,CHINA_H_SHARES,banking_emb,30,False,-1.4e-05,0.982552,430,z_below_crit,False,0.013281,0.585,401,ic_below_min,False,,0.25
train,CHINA_H_SHARES,banking_emb,60,False,-6e-05,0.775312,430,z_below_crit,False,0.050401,0.815,371,ic_below_min,False,,0.32
train,CHINA_H_SHARES,banking_emb,90,False,3.3e-05,0.670929,430,z_below_crit,False,0.086916,0.945,341,ic_below_min,False,,0.46
train,CHINA_H_SHARES,gold_emb,1,False,-6.6e-05,0.946774,430,z_below_crit,False,0.031245,0.27,430,bootstrap_ci_includes_zero,False,,0.16
train,CHINA_H_SHARES,gold_emb,7,False,-0.000196,0.844726,430,z_below_crit,False,0.058816,0.12,424,bootstrap_ci_includes_zero,False,,0.19
train,CHINA_H_SHARES,gold_emb,14,False,-0.000947,0.36943,430,z_below_crit,False,0.073208,0.115,417,bootstrap_ci_includes_zero,False,,0.2
train,CHINA_H_SHARES,gold_emb,30,False,0.000338,0.571967,430,z_below_crit,False,0.066201,0.095,401,bootstrap_ci_includes_zero,False,,0.22
train,CHINA_H_SHARES,gold_emb,60,False,-0.000123,0.627352,430,z_below_crit,False,0.022039,0.305,371,bootstrap_ci_includes_zero,False,,0.29
train,CHINA_H_SHARES,gold_emb,90,False,1.7e-05,0.884466,430,z_below_crit,False,0.053638,0.8,341,ic_below_min,False,,0.47
train,FTSE_CHINA_50,oil_emb,1,False,0.000213,0.823732,430,z_below_crit,False,0.058418,0.86,430,ic_below_min,False,,0.17
train,FTSE_CHINA_50,oil_emb,7,False,0.000506,0.61805,430,z_below_crit,False,0.013792,0.41,424,bootstrap_ci_includes_zero,False,,0.19
train,FTSE_CHINA_50,oil_emb,14,False,7.3e-05,0.946394,430,z_below_crit,False,0.043861,0.78,417,ic_below_min,False,,0.17
train,FTSE_CHINA_50,oil_emb,30,False,0.000639,0.381593,430,z_below_crit,False,0.063972,0.905,401,ic_below_min,False,,0.24
train,FTSE_CHINA_50,oil_emb,60,False,2.5e-05,0.929246,430,z_below_crit,False,0.043546,0.235,371,bootstrap_ci_includes_zero,False,,0.3
train,FTSE_CHINA_50,oil_emb,90,False,1e-05,0.941499,430,z_below_crit,True,0.144466,0.015,341,ok,False,,0.46
train,FTSE_CHINA_50,rate_emb,1,False,0.001206,0.261314,430,z_below_crit,False,0.094911,0.95,430,ic_below_min,False,,0.21
train,FTSE_CHINA_50,rate_emb,7,False,0.000302,0.784567,430,z_below_crit,False,0.034786,0.25,424,bootstrap_ci_includes_zero,False,,0.17
train,FTSE_CHINA_50,rate_emb,14,True,-0.002503,0.030422,430,ok,False,0.07794,0.09,417,bootstrap_ci_includes_zero,False,,0.21
train,FTSE_CHINA_50,rate_emb,30,False,0.000691,0.305612,430,z_below_crit,False,0.024829,0.28,401,bootstrap_ci_includes_zero,False,,0.22
train,FTSE_CHINA_50,rate_emb,60,False,0.000109,0.683586,430,z_below_crit,False,0.052403,0.19,371,bootstrap_ci_includes_zero,False,,0.32
train,FTSE_CHINA_50,rate_emb,90,False,-1.1e-05,0.920577,430,z_below_crit,False,0.032057,0.695,341,ic_below_min,False,,0.44
train,FTSE_CHINA_50,ruble_emb,1,False,0.002038,0.062872,430,z_below_crit,False,0.07803,0.085,430,bootstrap_ci_includes_zero,False,,0.19
train,FTSE_CHINA_50,ruble_emb,7,True,-0.002633,0.021377,430,ok,False,0.016587,0.31,424,bootstrap_ci_includes_zero,False,,0.17
train,FTSE_CHINA_50,ruble_emb,14,False,0.000853,0.480229,430,z_below_crit,False,0.061017,0.85,417,ic_below_min,False,,0.17
train,FTSE_CHINA_50,ruble_emb,30,False,-0.0001,0.891182,430,z_below_crit,False,0.019321,0.64,401,ic_below_min,False,,0.22
train,FTSE_CHINA_50,ruble_emb,60,False,9.2e-05,0.764058,430,z_below_crit,False,0.061041,0.135,371,bootstrap_ci_includes_zero,False,,0.35
train,FTSE_CHINA_50,ruble_emb,90,False,-0.000121,0.393243,430,z_below_crit,False,0.064351,0.875,341,ic_below_min,False,,0.49
train,FTSE_CHINA_50,sanctions_emb,1,False,-0.00092,0.364908,430,z_below_crit,False,0.022097,0.675,430,ic_below_min,False,,0.22
train,FTSE_CHINA_50,sanctions_emb,7,False,0.000424,0.686022,430,z_below_crit,False,0.055931,0.845,424,ic_below_min,False,,0.19
train,FTSE_CHINA_50,sanctions_emb,14,False,0.000308,0.7789,430,z_below_crit,False,0.014363,0.58,417,ic_below_min,False,,0.17
train,FTSE_CHINA_50,sanctions_emb,30,False,-0.00065,0.357092,430,z_below_crit,False,0.07376,0.06,401,bootstrap_ci_includes_zero,False,,0.24
train,FTSE_CHINA_50,sanctions_emb,60,False,-1.6e-05,0.947887,430,z_below_crit,False,0.027233,0.35,371,bootstrap_ci_includes_zero,False,,0.31
train,FTSE_CHINA_50,sanctions_emb,90,False,-4.4e-05,0.724994,430,z_below_crit,False,0.006141,0.455,341,ic_below_min,False,,0.47
train,FTSE_CHINA_50,inflation_emb,1,False,0.001001,0.341478,430,z_below_crit,False,0.018732,0.65,430,ic_below_min,False,,0.2
train,FTSE_CHINA_50,inflation_emb,7,False,-0.000146,0.892825,430,z_below_crit,False,0.05384,0.16,424,bootstrap_ci_includes_zero,False,,0.16
train,FTSE_CHINA_50,inflation_emb,14,True,-0.002294,0.042964,430,ok,False,0.06838,0.11,417,bootstrap_ci_includes_zero,False,,0.21
train,FTSE_CHINA_50,inflation_emb,30,False,0.000381,0.640042,430,z_below_crit,False,0.03158,0.3,401,bootstrap_ci_includes_zero,False,,0.21
train,FTSE_CHINA_50,inflation_emb,60,False,0.000173,0.665547,430,z_below_crit,False,0.014255,0.605,371,ic_below_min,False,,0.28
train,FTSE_CHINA_50,inflation_emb,90,False,-0.000168,0.348445,430,z_below_crit,False,0.073544,0.865,341,ic_below_min,False,,0.47
train,FTSE_CHINA_50,banking_emb,1,False,-8e-05,0.94106,430,z_below_crit,False,0.050813,0.195,430,bootstrap_ci_includes_zero,False,,0.19
train,FTSE_CHINA_50,banking_emb,7,False,0.000275,0.806412,430,z_below_crit,False,0.030522,0.73,424,ic_below_min,False,,0.19
train,FTSE_CHINA_50,banking_emb,14,False,-0.000187,0.872066,430,z_below_crit,False,0.027552,0.725,417,ic_below_min,False,,0.2
train,FTSE_CHINA_50,banking_emb,30,False,-0.000296,0.674406,430,z_below_crit,False,0.019045,0.63,401,ic_below_min,False,,0.23
train,FTSE_CHINA_50,banking_emb,60,False,-1.8e-05,0.934332,430,z_below_crit,False,0.034875,0.75,371,ic_below_min,False,,0.3
train,FTSE_CHINA_50,banking_emb,90,False,1.8e-05,0.822223,430,z_below_crit,False,0.055102,0.815,341,ic_below_min,False,,0.44
train,FTSE_CHINA_50,gold_emb,1,False,-0.000337,0.747763,430,z_below_crit,False,0.00018,0.47,430,ic_below_min,False,,0.18
train,FTSE_CHINA_50,gold_emb,7,False,0.000189,0.858877,430,z_below_crit,False,0.0558,0.145,424,bootstrap_ci_includes_zero,False,,0.21
train,FTSE_CHINA_50,gold_emb,14,False,-0.001311,0.241874,430,z_below_crit,True,0.081596,0.05,417,ok,False,,0.22
train,FTSE_CHINA_50,gold_emb,30,False,0.000455,0.480305,430,z_below_crit,False,0.063256,0.125,401,bootstrap_ci_includes_zero,False,,0.24
train,FTSE_CHINA_50,gold_emb,60,False,-0.000134,0.627159,430,z_below_crit,False,0.028967,0.275,371,bootstrap_ci_includes_zero,False,,0.35
train,FTSE_CHINA_50,gold_emb,90,False,3.5e-05,0.798188,430,z_below_crit,False,0.051535,0.75,341,ic_below_min,False,,0.81
train,GOLD,oil_emb,1,False,-0.000233,0.634588,355,z_below_crit,False,0.00477,0.455,355,ic_below_min,False,,0.23
train,GOLD,oil_emb,7,False,-0.000849,0.096312,355,z_below_crit,False,0.010541,0.425,349,bootstrap_ci_includes_zero,False,,0.16
train,GOLD,oil_emb,14,False,0.000461,0.404742,355,z_below_crit,False,0.018192,0.615,342,ic_below_min,False,,0.32
train,GOLD,oil_emb,30,False,-0.000413,0.13876,355,z_below_crit,False,0.109061,0.995,326,ic_below_min,False,,0.33
train,GOLD,oil_emb,60,False,-6e-05,0.516385,355,z_below_crit,False,0.066254,0.86,296,ic_below_min,False,,0.3
train,GOLD,oil_emb,90,False,-6.3e-05,0.243596,355,z_below_crit,False,0.00868,0.445,266,ic_below_min,False,,0.43
train,GOLD,rate_emb,1,False,-6.4e-05,0.90631,355,z_below_crit,False,0.140362,0.995,355,ic_below_min,False,,0.22
train,GOLD,rate_emb,7,False,0.000545,0.328007,355,z_below_crit,False,0.075873,0.9,349,ic_below_min,False,,0.21
train,GOLD,rate_emb,14,False,-0.000514,0.390757,355,z_below_crit,False,0.100202,0.97,342,ic_below_min,False,,0.34
train,GOLD,rate_emb,30,False,0.00021,0.455567,355,z_below_crit,False,0.045851,0.76,326,ic_below_min,False,,0.29
train,GOLD,rate_emb,60,False,5.9e-05,0.581996,355,z_below_crit,False,0.016241,0.615,296,ic_below_min,False,,0.27
train,GOLD,rate_emb,90,False,-2.2e-05,0.528505,355,z_below_crit,False,0.04071,0.255,266,bootstrap_ci_includes_zero,False,,0.38
train,GOLD,ruble_emb,1,False,7.4e-05,0.89298,355,z_below_crit,False,0.023257,0.645,355,ic_below_min,False,,0.16
train,GOLD,ruble_emb,7,False,-0.000961,0.093381,355,z_below_crit,False,0.007312,0.47,349,ic_below_min,False,,0.16
train,GOLD,ruble_emb,14,False,0.000192,0.746301,355,z_below_crit,False,0.024639,0.66,342,ic_below_min,False,,0.21
train,GOLD,ruble_emb,30,False,-0.000214,0.44112,355,z_below_crit,False,0.048794,0.76,326,ic_below_min,False,,0.21
train,GOLD,ruble_emb,60,False,-3e-06,0.964879,355,z_below_crit,False,0.044531,0.245,296,bootstrap_ci_includes_zero,False,,0.3
train,GOLD,ruble_emb,90,False,1.3e-05,0.639769,355,z_below_crit,False,0.013138,0.575,266,ic_below_min,False,,0.36
train,GOLD,sanctions_emb,1,False,-0.000456,0.373997,355,z_below_crit,False,0.020899,0.66,355,ic_below_min,False,,0.18
train,GOLD,sanctions_emb,7,False,-0.000638,0.230167,355,z_below_crit,False,0.029182,0.33,349,bootstrap_ci_includes_zero,False,,0.19
train,GOLD,sanctions_emb,14,False,0.000658,0.235497,355,z_below_crit,False,0.060008,0.16,342,bootstrap_ci_includes_zero,False,,0.17
train,GOLD,sanctions_emb,30,False,-5.7e-05,0.840973,355,z_below_crit,False,0.014912,0.4,326,bootstrap_ci_includes_zero,False,,0.24
train,GOLD,sanctions_emb,60,False,-8e-06,0.93723,355,z_below_crit,False,0.000837,0.425,296,ic_below_min,False,,0.25
train,GOLD,sanctions_emb,90,False,8.6e-05,0.285359,355,z_below_crit,False,0.012616,0.45,266,bootstrap_ci_includes_zero,False,,0.37
train,GOLD,inflation_emb,1,False,-4.6e-05,0.929479,355,z_below_crit,False,0.132144,0.98,355,ic_below_min,False,,0.19
train,GOLD,inflation_emb,7,False,0.000244,0.654518,355,z_below_crit,False,0.058575,0.83,349,ic_below_min,False,,0.2
train,GOLD,inflation_emb,14,False,0.000164,0.778507,355,z_below_crit,False,0.087193,0.93,342,ic_below_min,False,,0.23
train,GOLD,inflation_emb,30,False,-7e-05,0.8263,355,z_below_crit,False,0.06157,0.825,326,ic_below_min,False,,0.23
train,GOLD,inflation_emb,60,False,-4e-06,0.972155,355,z_below_crit,False,0.08898,0.845,296,ic_below_min,False,,0.28
train,GOLD,inflation_emb,90,False,3e-06,0.948346,355,z_below_crit,False,0.018092,0.36,266,bootstrap_ci_includes_zero,False,,0.43
train,GOLD,banking_emb,1,False,-0.000766,0.161454,355,z_below_crit,False,0.016267,0.58,355,ic_below_min,False,,0.16
train,GOLD,banking_emb,7,False,0.000478,0.396098,355,z_below_crit,False,0.047747,0.815,349,ic_below_min,False,,0.21
train,GOLD,banking_emb,14,False,-0.000289,0.625717,355,z_below_crit,False,0.039985,0.69,342,ic_below_min,False,,0.22
train,GOLD,banking_emb,30,False,-0.000285,0.328694,355,z_below_crit,False,0.03065,0.34,326,bootstrap_ci_includes_zero,False,,0.25
train,GOLD,banking_emb,60,False,-3.4e-05,0.708678,355,z_below_crit,False,0.096455,0.905,296,ic_below_min,False,,0.29
train,GOLD,banking_emb,90,False,-4e-06,0.894814,355,z_below_crit,False,0.061283,0.85,266,ic_below_min,False,,0.36
train,GOLD,gold_emb,1,False,-0.000466,0.373001,355,z_below_crit,False,0.046408,0.815,355,ic_below_min,False,,0.24
train,GOLD,gold_emb,7,False,-0.00049,0.348839,355,z_below_crit,True,0.112197,0.035,349,ok,False,,0.19
train,GOLD,gold_emb,14,False,0.00026,0.640634,355,z_below_crit,False,0.034753,0.24,342,bootstrap_ci_includes_zero,False,,0.22
train,GOLD,gold_emb,30,False,-0.000132,0.671691,355,z_below_crit,False,0.03877,0.28,326,bootstrap_ci_includes_zero,False,,0.22
train,GOLD,gold_emb,60,False,-4.4e-05,0.743261,355,z_below_crit,False,0.072514,0.11,296,bootstrap_ci_includes_zero,False,,0.29
train,GOLD,gold_emb,90,False,-0.000104,0.1779,355,z_below_crit,False,0.010603,0.515,266,ic_below_min,False,,0.36
train,SILVER,oil_emb,1,False,0.000168,0.870108,353,z_below_crit,False,0.005519,0.555,353,ic_below_min,False,,0.15
train,SILVER,oil_emb,7,False,-0.001324,0.200279,353,z_below_crit,False,0.034824,0.295,347,bootstrap_ci_includes_zero,False,,0.15
train,SILVER,oil_emb,14,False,-0.00013,0.907699,353,z_below_crit,False,0.059788,0.86,340,ic_below_min,False,,0.17
train,SILVER,oil_emb,30,False,-0.000782,0.211676,353,z_below_crit,False,0.071415,0.88,324,ic_below_min,False,,0.19
train,SILVER,oil_emb,60,False,-0.000198,0.328294,353,z_below_crit,False,0.009725,0.485,294,ic_below_min,False,,0.27
train,SILVER,oil_emb,90,False,-9.7e-05,0.396571,353,z_below_crit,False,0.051639,0.77,264,ic_below_min,False,,0.35
train,SILVER,rate_emb,1,False,0.000873,0.433249,353,z_below_crit,False,0.051497,0.795,353,ic_below_min,False,,0.16
train,SILVER,rate_emb,7,False,0.00132,0.240406,353,z_below_crit,False,0.040153,0.745,347,ic_below_min,False,,0.16
train,SILVER,rate_emb,14,False,0.000973,0.418456,353,z_below_crit,False,0.033765,0.705,340,ic_below_min,False,,0.19
train,SILVER,rate_emb,30,False,0.000196,0.721806,353,z_below_crit,False,0.02417,0.375,324,bootstrap_ci_includes_zero,False,,0.21
train,SILVER,rate_emb,60,False,-7.9e-05,0.598185,353,z_below_crit,False,0.038467,0.225,294,bootstrap_ci_includes_zero,False,,0.25
train,SILVER,rate_emb,90,False,-2.6e-05,0.586396,353,z_below_crit,False,0.032945,0.68,264,ic_below_min,False,,0.34
train,SILVER,ruble_emb,1,False,0.00075,0.502696,353,z_below_crit,False,0.067885,0.835,353,ic_below_min,False,,0.16
train,SILVER,ruble_emb,7,False,-0.001834,0.109365,353,z_below_crit,False,0.033527,0.71,347,ic_below_min,False,,0.2
train,SILVER,ruble_emb,14,False,0.000422,0.72332,353,z_below_crit,False,0.100618,0.955,340,ic_below_min,False,,0.19
train,SILVER,ruble_emb,30,False,-0.00012,0.835043,353,z_below_crit,False,0.046493,0.225,324,bootstrap_ci_includes_zero,False,,0.22
train,SILVER,ruble_emb,60,False,1e-05,0.936212,353,z_below_crit,False,0.018646,0.31,294,bootstrap_ci_includes_zero,False,,0.27
train,SILVER,ruble_emb,90,False,1.9e-05,0.61271,353,z_below_crit,False,0.060788,0.825,264,ic_below_min,False,,0.36
train,SILVER,sanctions_emb,1,False,-0.000354,0.735076,353,z_below_crit,False,0.133342,0.98,353,ic_below_min,False,,0.16
train,SILVER,sanctions_emb,7,False,-0.000721,0.499924,353,z_below_crit,False,0.093317,0.085,347,bootstrap_ci_includes_zero,False,,0.19
train,SILVER,sanctions_emb,14,False,-0.000462,0.685101,353,z_below_crit,False,0.00548,0.495,340,ic_below_min,False,,0.16
train,SILVER,sanctions_emb,30,False,0.000471,0.439675,353,z_below_crit,False,0.007442,0.54,324,ic_below_min,False,,0.26
train,SILVER,sanctions_emb,60,False,7.8e-05,0.686993,353,z_below_crit,False,0.014751,0.56,294,ic_below_min,False,,0.24
train,SILVER,sanctions_emb,90,False,9.8e-05,0.460077,353,z_below_crit,False,0.100591,0.965,264,ic_below_min,False,,0.35
train,SILVER,inflation_emb,1,False,-0.00042,0.691086,353,z_below_crit,False,0.049794,0.765,353,ic_below_min,False,,0.15
train,SILVER,inflation_emb,7,False,0.000851,0.439204,353,z_below_crit,False,0.001396,0.56,347,ic_below_min,False,,0.17
train,SILVER,inflation_emb,14,False,-0.000522,0.657362,353,z_below_crit,False,0.005515,0.505,340,ic_below_min,False,,0.19
train,SILVER,inflation_emb,30,False,-0.000256,0.692101,353,z_below_crit,False,0.049313,0.19,324,bootstrap_ci_includes_zero,False,,0.22
train,SILVER,inflation_emb,60,False,7e-05,0.761591,353,z_below_crit,False,0.02823,0.685,294,ic_below_min,False,,0.27
train,SILVER,inflation_emb,90,False,2.9e-05,0.657146,353,z_below_crit,False,0.017673,0.57,264,ic_below_min,False,,0.37
train,SILVER,banking_emb,1,False,-0.002042,0.068058,353,z_below_crit,False,0.004788,0.485,353,ic_below_min,False,,0.2
train,SILVER,banking_emb,7,False,0.000283,0.808393,353,z_below_crit,False,0.023207,0.615,347,ic_below_min,False,,0.22
train,SILVER,banking_emb,14,False,-0.000738,0.543623,353,z_below_crit,False,0.020604,0.615,340,ic_below_min,False,,0.16
train,SILVER,banking_emb,30,False,9.6e-05,0.874496,353,z_below_crit,True,0.092885,0.04,324,ok,False,,0.24
train,SILVER,banking_emb,60,False,-5.3e-05,0.710203,353,z_below_crit,False,0.078753,0.115,294,bootstrap_ci_includes_zero,False,,0.28
train,SILVER,banking_emb,90,False,-4e-05,0.511466,353,z_below_crit,False,0.023041,0.64,264,ic_below_min,False,,0.36
train,SILVER,gold_emb,1,False,7.1e-05,0.947589,353,z_below_crit,False,0.027443,0.745,353,ic_below_min,False,,0.19
train,SILVER,gold_emb,7,False,-0.001091,0.309038,353,z_below_crit,False,0.004296,0.575,347,ic_below_min,False,,0.19
train,SILVER,gold_emb,14,False,-8.3e-05,0.941045,353,z_below_crit,False,0.122347,0.99,340,ic_below_min,False,,0.2
train,SILVER,gold_emb,30,False,-9.8e-05,0.873015,353,z_below_crit,False,0.057902,0.84,324,ic_below_min,False,,0.22
train,SILVER,gold_emb,60,False,-0.000122,0.567134,353,z_below_crit,False,0.016921,0.38,294,bootstrap_ci_includes_zero,False,,0.28
train,SILVER,gold_emb,90,False,-0.000156,0.218571,353,z_below_crit,False,0.100868,0.955,264,ic_below_min,False,,0.38
train,IMOEX,oil_emb,1,False,0.000472,0.692436,423,z_below_crit,False,0.001878,0.515,423,ic_below_min,False,,0.17
train,IMOEX,oil_emb,7,True,0.00261,0.04382,423,ok,False,0.012351,0.425,417,bootstrap_ci_includes_zero,False,,0.19
train,IMOEX,oil_emb,14,False,0.001121,0.417078,423,z_below_crit,False,0.034778,0.775,410,ic_below_min,False,,0.22
train,IMOEX,oil_emb,30,False,-0.000561,0.493089,423,z_below_crit,False,0.02036,0.6,394,ic_below_min,False,,0.22
train,IMOEX,oil_emb,60,False,0.00048,0.143304,423,z_below_crit,False,0.069477,0.14,364,bootstrap_ci_includes_zero,False,,0.35
train,IMOEX,oil_emb,90,False,-7.1e-05,0.690679,423,z_below_crit,False,0.080854,0.895,334,ic_below_min,False,,0.43
train,IMOEX,rate_emb,1,False,-0.002065,0.12159,423,z_below_crit,False,0.081395,0.925,423,ic_below_min,False,,0.21
train,IMOEX,rate_emb,7,False,0.001833,0.18358,423,z_below_crit,False,0.028804,0.75,417,ic_below_min,False,,0.16
train,IMOEX,rate_emb,14,False,-0.001239,0.389963,423,z_below_crit,True,0.107098,0.03,410,ok,False,,0.19
train,IMOEX,rate_emb,30,False,-8.4e-05,0.923926,423,z_below_crit,False,0.074486,0.115,394,bootstrap_ci_includes_zero,False,,0.25
train,IMOEX,rate_emb,60,False,4e-05,0.910721,423,z_below_crit,False,0.074471,0.1,364,bootstrap_ci_includes_zero,False,,0.33
train,IMOEX,rate_emb,90,False,-5.7e-05,0.700924,423,z_below_crit,False,0.013065,0.4,334,bootstrap_ci_includes_zero,False,,0.47
train,IMOEX,ruble_emb,1,False,0.001267,0.353788,423,z_below_crit,False,0.060545,0.125,423,bootstrap_ci_includes_zero,False,,0.16
train,IMOEX,ruble_emb,7,False,-0.00055,0.696947,423,z_below_crit,False,0.109058,0.995,417,ic_below_min,False,,0.19
train,IMOEX,ruble_emb,14,False,0.000831,0.57517,423,z_below_crit,False,0.084887,0.08,410,bootstrap_ci_includes_zero,False,,0.17
train,IMOEX,ruble_emb,30,False,0.000776,0.34963,423,z_below_crit,False,0.032815,0.73,394,ic_below_min,False,,0.19
train,IMOEX,ruble_emb,60,False,1.3e-05,0.971112,423,z_below_crit,False,0.0145,0.61,364,ic_below_min,False,,0.33
train,IMOEX,ruble_emb,90,False,-0.0,0.99781,423,z_below_crit,False,0.002223,0.41,334,ic_below_min,False,,0.44
train,IMOEX,sanctions_emb,1,False,-0.001044,0.407003,423,z_below_crit,True,0.101895,0.02,423,ok,False,,0.17
train,IMOEX,sanctions_emb,7,False,0.001585,0.233794,423,z_below_crit,True,0.117318,0.015,417,ok,False,,0.14
train,IMOEX,sanctions_emb,14,False,-0.001639,0.245042,423,z_below_crit,False,0.022718,0.36,410,bootstrap_ci_includes_zero,False,,0.19
train,IMOEX,sanctions_emb,30,False,0.000702,0.437761,423,z_below_crit,False,0.025402,0.27,394,bootstrap_ci_includes_zero,False,,0.24
train,IMOEX,sanctions_emb,60,False,0.000149,0.68815,423,z_below_crit,False,0.0261,0.685,364,ic_below_min,False,,0.33
train,IMOEX,sanctions_emb,90,False,-3.4e-05,0.855732,423,z_below_crit,False,0.022741,0.34,334,bootstrap_ci_includes_zero,False,,0.48
train,IMOEX,inflation_emb,1,False,-0.002215,0.088698,423,z_below_crit,False,0.057373,0.85,423,ic_below_min,False,,0.17
train,IMOEX,inflation_emb,7,False,-0.001626,0.230782,423,z_below_crit,False,0.034166,0.33,417,bootstrap_ci_includes_zero,False,,0.21
train,IMOEX,inflation_emb,14,False,-9.9e-05,0.945507,423,z_below_crit,False,0.017798,0.625,410,ic_below_min,False,,0.21
train,IMOEX,inflation_emb,30,False,0.000312,0.690521,423,z_below_crit,False,0.001914,0.435,394,ic_below_min,False,,0.21
train,IMOEX,inflation_emb,60,False,6.9e-05,0.848884,423,z_below_crit,False,0.008822,0.445,364,ic_below_min,False,,0.35
train,IMOEX,inflation_emb,90,False,-9e-06,0.954164,423,z_below_crit,False,0.049873,0.225,334,bootstrap_ci_includes_zero,False,,0.46
train,IMOEX,banking_emb,1,False,0.000927,0.494729,423,z_below_crit,False,0.011674,0.445,423,bootstrap_ci_includes_zero,False,,0.21
train,IMOEX,banking_emb,7,False,0.00026,0.855094,423,z_below_crit,False,0.068845,0.065,417,bootstrap_ci_includes_zero,False,,0.19
train,IMOEX,banking_emb,14,False,-0.000911,0.532032,423,z_below_crit,False,0.016443,0.4,410,bootstrap_ci_includes_zero,False,,0.16
train,IMOEX,banking_emb,30,False,-0.000379,0.637339,423,z_below_crit,False,0.002583,0.485,394,ic_below_min,False,,0.22
train,IMOEX,banking_emb,60,False,2.8e-05,0.932407,423,z_below_crit,False,0.074548,0.085,364,bootstrap_ci_includes_zero,False,,0.33
train,IMOEX,banking_emb,90,False,0.000108,0.430458,423,z_below_crit,False,0.079887,0.09,334,bootstrap_ci_includes_zero,False,,0.46
train,IMOEX,gold_emb,1,False,0.000112,0.931455,423,z_below_crit,False,0.007349,0.465,423,ic_below_min,False,,0.19
train,IMOEX,gold_emb,7,False,-0.001857,0.159726,423,z_below_crit,False,0.065851,0.885,417,ic_below_min,False,,0.17
train,IMOEX,gold_emb,14,False,-0.000944,0.497607,423,z_below_crit,False,0.070583,0.9,410,ic_below_min,False,,0.21
train,IMOEX,gold_emb,30,False,-6.9e-05,0.934009,423,z_below_crit,False,0.014674,0.425,394,bootstrap_ci_includes_zero,False,,0.24
train,IMOEX,gold_emb,60,False,-0.000289,0.427113,423,z_below_crit,False,0.021095,0.36,364,bootstrap_ci_includes_zero,False,,0.33
train,IMOEX,gold_emb,90,False,2.1e-05,0.913177,423,z_below_crit,False,0.071562,0.095,334,bootstrap_ci_includes_zero,False,,0.44
train,MOEXFN,oil_emb,1,False,0.000959,0.4638,420,z_below_crit,False,0.002229,0.515,420,ic_below_min,False,,0.22
train,MOEXFN,oil_emb,7,False,0.002289,0.100907,420,z_below_crit,False,0.018852,0.335,414,bootstrap_ci_includes_zero,False,,0.17
train,MOEXFN,oil_emb,14,False,0.000875,0.560214,420,z_below_crit,False,0.06956,0.89,407,ic_below_min,False,,0.19
train,MOEXFN,oil_emb,30,False,-0.000693,0.433108,420,z_below_crit,False,0.084887,0.91,391,ic_below_min,False,,0.25
train,MOEXFN,oil_emb,60,False,0.000315,0.526955,420,z_below_crit,False,0.008845,0.41,361,ic_below_min,False,,0.33
train,MOEXFN,oil_emb,90,False,-0.000229,0.401325,420,z_below_crit,False,0.066401,0.89,331,ic_below_min,False,,0.44
train,MOEXFN,rate_emb,1,False,-0.001764,0.230039,420,z_below_crit,False,0.028568,0.66,420,ic_below_min,False,,0.19
train,MOEXFN,rate_emb,7,False,0.001549,0.302671,420,z_below_crit,False,0.050828,0.86,414,ic_below_min,False,,0.17
train,MOEXFN,rate_emb,14,False,-0.002627,0.093862,420,z_below_crit,False,0.065545,0.135,407,bootstrap_ci_includes_zero,False,,0.19
train,MOEXFN,rate_emb,30,False,0.000671,0.458781,420,z_below_crit,False,0.052017,0.825,391,ic_below_min,False,,0.27
train,MOEXFN,rate_emb,60,False,0.000257,0.584724,420,z_below_crit,False,0.041021,0.26,361,bootstrap_ci_includes_zero,False,,0.33
train,MOEXFN,rate_emb,90,False,-9.9e-05,0.664398,420,z_below_crit,False,0.000954,0.5,331,ic_below_min,False,,0.46
train,MOEXFN,ruble_emb,1,False,0.001255,0.405146,420,z_below_crit,False,0.059985,0.14,420,bootstrap_ci_includes_zero,False,,0.22
train,MOEXFN,ruble_emb,7,False,0.000156,0.918405,420,z_below_crit,False,0.044839,0.79,414,ic_below_min,False,,0.19
train,MOEXFN,ruble_emb,14,False,-0.000149,0.926812,420,z_below_crit,False,0.030718,0.305,407,bootstrap_ci_includes_zero,False,,0.22
train,MOEXFN,ruble_emb,30,False,0.000234,0.781044,420,z_below_crit,False,0.009449,0.595,391,ic_below_min,False,,0.22
train,MOEXFN,ruble_emb,60,False,-0.000479,0.308505,420,z_below_crit,False,0.043848,0.23,361,bootstrap_ci_includes_zero,False,,0.3
train,MOEXFN,ruble_emb,90,False,0.000202,0.398399,420,z_below_crit,False,0.017948,0.41,331,bootstrap_ci_includes_zero,False,,0.46
train,MOEXFN,sanctions_emb,1,False,-0.000819,0.554458,420,z_below_crit,True,0.100277,0.035,420,ok,False,,0.2
train,MOEXFN,sanctions_emb,7,False,0.001598,0.267517,420,z_below_crit,False,0.068473,0.075,414,bootstrap_ci_includes_zero,False,,0.18
train,MOEXFN,sanctions_emb,14,True,-0.003099,0.041339,420,ok,False,0.018663,0.365,407,bootstrap_ci_includes_zero,False,,0.21
train,MOEXFN,sanctions_emb,30,False,-0.000371,0.679389,420,z_below_crit,False,0.066677,0.88,391,ic_below_min,False,,0.21
train,MOEXFN,sanctions_emb,60,False,5.5e-05,0.911154,420,z_below_crit,False,0.010929,0.57,361,ic_below_min,False,,0.3
train,MOEXFN,sanctions_emb,90,False,0.000137,0.60178,420,z_below_crit,False,0.019571,0.65,331,ic_below_min,False,,0.42
train,MOEXFN,inflation_emb,1,False,-0.001739,0.225148,420,z_below_crit,False,0.002843,0.525,420,ic_below_min,False,,0.19
train,MOEXFN,inflation_emb,7,False,-0.001806,0.224069,420,z_below_crit,False,0.018988,0.34,414,bootstrap_ci_includes_zero,False,,0.17
train,MOEXFN,inflation_emb,14,False,-0.000341,0.83032,420,z_below_crit,False,0.079594,0.92,407,ic_below_min,False,,0.23
train,MOEXFN,inflation_emb,30,False,-0.000215,0.793749,420,z_below_crit,False,0.001437,0.415,391,ic_below_min,False,,0.27
train,MOEXFN,inflation_emb,60,False,0.000524,0.261931,420,z_below_crit,True,0.10184,0.015,361,ok,False,,0.33
train,MOEXFN,inflation_emb,90,False,0.000269,0.254993,420,z_below_crit,False,0.020557,0.62,331,ic_below_min,False,,0.47
train,MOEXFN,banking_emb,1,False,0.001197,0.423488,420,z_below_crit,False,0.040332,0.705,420,ic_below_min,False,,0.17
train,MOEXFN,banking_emb,7,False,-0.000126,0.935444,420,z_below_crit,False,0.063584,0.09,414,bootstrap_ci_includes_zero,False,,0.17
train,MOEXFN,banking_emb,14,False,0.000197,0.901355,420,z_below_crit,False,0.004184,0.505,407,ic_below_min,False,,0.19
train,MOEXFN,banking_emb,30,False,0.00016,0.851685,420,z_below_crit,False,0.059966,0.855,391,ic_below_min,False,,0.24
train,MOEXFN,banking_emb,60,False,-0.000272,0.573521,420,z_below_crit,False,0.044786,0.235,361,bootstrap_ci_includes_zero,False,,0.32
train,MOEXFN,banking_emb,90,False,0.000183,0.449313,420,z_below_crit,True,0.11739,0.02,331,ok,False,,0.46
train,MOEXFN,gold_emb,1,False,-0.0002,0.889655,420,z_below_crit,False,0.088033,0.08,420,bootstrap_ci_includes_zero,False,,0.21
train,MOEXFN,gold_emb,7,False,-0.001352,0.346687,420,z_below_crit,False,0.079588,0.905,414,ic_below_min,False,,0.17
train,MOEXFN,gold_emb,14,False,-0.001354,0.376298,420,z_below_crit,False,0.040619,0.735,407,ic_below_min,False,,0.19
train,MOEXFN,gold_emb,30,False,0.000946,0.265373,420,z_below_crit,False,0.039061,0.78,391,ic_below_min,False,,0.25
train,MOEXFN,gold_emb,60,False,0.000256,0.563732,420,z_below_crit,False,0.017655,0.425,361,bootstrap_ci_includes_zero,False,,0.31
train,MOEXFN,gold_emb,90,False,-0.000138,0.57642,420,z_below_crit,False,0.027694,0.375,331,bootstrap_ci_includes_zero,False,,0.44
train,MOEXOG,oil_emb,1,False,0.000519,0.663837,420,z_below_crit,False,0.042697,0.255,420,bootstrap_ci_includes_zero,False,,0.16
train,MOEXOG,oil_emb,7,False,0.002519,0.055156,420,z_below_crit,False,0.038291,0.24,414,bootstrap_ci_includes_zero,False,,0.17
train,MOEXOG,oil_emb,14,False,0.000177,0.898057,420,z_below_crit,False,0.02486,0.73,407,ic_below_min,False,,0.19
train,MOEXOG,oil_emb,30,False,-0.000984,0.194034,420,z_below_crit,False,0.011663,0.585,391,ic_below_min,False,,0.28
train,MOEXOG,oil_emb,60,False,0.000218,0.625614,420,z_below_crit,False,0.011686,0.35,361,bootstrap_ci_includes_zero,False,,0.36
train,MOEXOG,oil_emb,90,False,-3.9e-05,0.868623,420,z_below_crit,False,0.027263,0.685,331,ic_below_min,False,,0.44
train,MOEXOG,rate_emb,1,True,-0.002652,0.046574,420,ok,False,0.048781,0.81,420,ic_below_min,False,,0.21
train,MOEXOG,rate_emb,7,False,0.002549,0.065291,420,z_below_crit,False,0.008712,0.5,414,ic_below_min,False,,0.17
train,MOEXOG,rate_emb,14,False,-0.000829,0.568977,420,z_below_crit,True,0.084677,0.05,407,ok,False,,0.19
train,MOEXOG,rate_emb,30,False,0.000564,0.471952,420,z_below_crit,True,0.122667,0.005,391,ok,False,,0.22
train,MOEXOG,rate_emb,60,False,7.4e-05,0.866603,420,z_below_crit,False,0.015466,0.4,361,bootstrap_ci_includes_zero,False,,0.33
train,MOEXOG,rate_emb,90,False,-3.7e-05,0.858817,420,z_below_crit,False,0.009017,0.565,331,ic_below_min,False,,0.46
train,MOEXOG,ruble_emb,1,False,0.001336,0.328075,420,z_below_crit,False,0.049586,0.165,420,bootstrap_ci_includes_zero,False,,0.17
train,MOEXOG,ruble_emb,7,False,-0.000662,0.635605,420,z_below_crit,False,0.082565,0.94,414,ic_below_min,False,,0.16
train,MOEXOG,ruble_emb,14,False,0.000397,0.789081,420,z_below_crit,False,0.047868,0.26,407,bootstrap_ci_includes_zero,False,,0.21
train,MOEXOG,ruble_emb,30,False,-9.9e-05,0.901043,420,z_below_crit,False,0.015094,0.385,391,bootstrap_ci_includes_zero,False,,0.25
train,MOEXOG,ruble_emb,60,False,-0.000276,0.555615,420,z_below_crit,False,0.006882,0.555,361,ic_below_min,False,,0.29
train,MOEXOG,ruble_emb,90,False,0.000208,0.39974,420,z_below_crit,False,0.05077,0.18,331,bootstrap_ci_includes_zero,False,,0.44
train,MOEXOG,sanctions_emb,1,False,-0.001174,0.351673,420,z_below_crit,True,0.126167,0.005,420,ok,False,,0.19
train,MOEXOG,sanctions_emb,7,False,0.000884,0.51118,420,z_below_crit,True,0.111314,0.01,414,ok,False,,0.21
train,MOEXOG,sanctions_emb,14,False,-0.002489,0.076962,420,z_below_crit,False,0.008017,0.545,407,ic_below_min,False,,0.17
train,MOEXOG,sanctions_emb,30,False,-0.000441,0.582134,420,z_below_crit,False,0.078789,0.075,391,bootstrap_ci_includes_zero,False,,0.24
train,MOEXOG,sanctions_emb,60,False,-7.2e-05,0.873649,420,z_below_crit,False,0.000658,0.48,361,ic_below_min,False,,0.3
train,MOEXOG,sanctions_emb,90,False,2.9e-05,0.90616,420,z_below_crit,False,0.007571,0.545,331,ic_below_min,False,,0.43
train,MOEXOG,inflation_emb,1,True,-0.002553,0.049799,420,ok,False,0.00466,0.45,420,ic_below_min,False,,0.17
train,MOEXOG,inflation_emb,7,False,-0.001722,0.207185,420,z_below_crit,False,0.024429,0.29,414,bootstrap_ci_includes_zero,False,,0.19
train,MOEXOG,inflation_emb,14,False,-7e-05,0.961705,420,z_below_crit,False,0.029836,0.69,407,ic_below_min,False,,0.19
train,MOEXOG,inflation_emb,30,False,0.000474,0.521465,420,z_below_crit,False,0.032254,0.68,391,ic_below_min,False,,0.24
train,MOEXOG,inflation_emb,60,False,0.000259,0.570377,420,z_below_crit,False,0.020291,0.625,361,ic_below_min,False,,0.3
train,MOEXOG,inflation_emb,90,False,9.9e-05,0.655121,420,z_below_crit,False,0.074901,0.105,331,bootstrap_ci_includes_zero,False,,0.49
train,MOEXOG,banking_emb,1,False,0.000999,0.461484,420,z_below_crit,False,0.000259,0.475,420,ic_below_min,False,,0.21
train,MOEXOG,banking_emb,7,False,-4.6e-05,0.974456,420,z_below_crit,False,0.063729,0.09,414,bootstrap_ci_includes_zero,False,,0.17
train,MOEXOG,banking_emb,14,False,-7e-06,0.996343,420,z_below_crit,False,0.00548,0.58,407,ic_below_min,False,,0.17
train,MOEXOG,banking_emb,30,False,6.4e-05,0.936214,420,z_below_crit,False,0.007977,0.45,391,ic_below_min,False,,0.25
train,MOEXOG,banking_emb,60,False,-0.000242,0.586458,420,z_below_crit,False,0.018462,0.425,361,bootstrap_ci_includes_zero,False,,0.35
train,MOEXOG,banking_emb,90,False,0.000146,0.535721,420,z_below_crit,True,0.131734,0.01,331,ok,False,,0.41
train,MOEXOG,gold_emb,1,False,0.000473,0.717649,420,z_below_crit,False,0.02814,0.335,420,bootstrap_ci_includes_zero,False,,0.17
train,MOEXOG,gold_emb,7,False,-0.001392,0.298097,420,z_below_crit,False,0.051978,0.79,414,ic_below_min,False,,0.18
train,MOEXOG,gold_emb,14,False,-0.000956,0.496599,420,z_below_crit,False,0.045147,0.785,407,ic_below_min,False,,0.19
train,MOEXOG,gold_emb,30,False,0.000866,0.225238,420,z_below_crit,False,0.007931,0.545,391,ic_below_min,False,,0.22
train,MOEXOG,gold_emb,60,False,0.000478,0.237535,420,z_below_crit,False,0.076693,0.125,361,bootstrap_ci_includes_zero,False,,0.3
train,MOEXOG,gold_emb,90,False,0.00013,0.565086,420,z_below_crit,False,0.063429,0.135,331,bootstrap_ci_includes_zero,False,,0.49
train,MOEX10,oil_emb,1,False,0.000326,0.77317,420,z_below_crit,False,0.027259,0.345,420,bootstrap_ci_includes_zero,False,,0.16
train,MOEX10,oil_emb,7,False,0.001846,0.131902,420,z_below_crit,False,0.035734,0.72,414,ic_below_min,False,,0.19
train,MOEX10,oil_emb,14,False,0.000798,0.537441,420,z_below_crit,False,0.006078,0.515,407,ic_below_min,False,,0.17
train,MOEX10,oil_emb,30,False,-0.000963,0.182806,420,z_below_crit,False,0.057259,0.83,391,ic_below_min,False,,0.23
train,MOEX10,oil_emb,60,False,8.4e-05,0.833644,420,z_below_crit,False,0.046348,0.185,361,bootstrap_ci_includes_zero,False,,0.3
train,MOEX10,oil_emb,90,False,-0.000144,0.458507,420,z_below_crit,False,0.049083,0.745,331,ic_below_min,False,,0.44
train,MOEX10,rate_emb,1,False,-0.002227,0.078313,420,z_below_crit,False,0.052645,0.825,420,ic_below_min,False,,0.17
train,MOEX10,rate_emb,7,False,0.001619,0.215924,420,z_below_crit,False,0.071365,0.925,414,ic_below_min,False,,0.21
train,MOEX10,rate_emb,14,False,-0.000988,0.469113,420,z_below_crit,False,0.049482,0.175,407,bootstrap_ci_includes_zero,False,,0.19
train,MOEX10,rate_emb,30,False,0.000242,0.747728,420,z_below_crit,False,0.064238,0.145,391,bootstrap_ci_includes_zero,False,,0.24
train,MOEX10,rate_emb,60,False,-7e-06,0.985804,420,z_below_crit,False,0.026906,0.34,361,bootstrap_ci_includes_zero,False,,0.32
train,MOEX10,rate_emb,90,False,-1e-05,0.955119,420,z_below_crit,False,0.02153,0.645,331,ic_below_min,False,,0.48
train,MOEX10,ruble_emb,1,False,0.001301,0.315539,420,z_below_crit,False,0.036164,0.265,420,bootstrap_ci_includes_zero,False,,0.18
train,MOEX10,ruble_emb,7,False,-0.000337,0.798467,420,z_below_crit,False,0.019615,0.67,414,ic_below_min,False,,0.16
train,MOEX10,ruble_emb,14,False,0.000263,0.850655,420,z_below_crit,False,0.038187,0.305,407,bootstrap_ci_includes_zero,False,,0.19
train,MOEX10,ruble_emb,30,False,0.00012,0.870166,420,z_below_crit,False,0.003762,0.545,391,ic_below_min,False,,0.24
train,MOEX10,ruble_emb,60,False,-0.000367,0.372986,420,z_below_crit,False,0.007139,0.435,361,ic_below_min,False,,0.33
train,MOEX10,ruble_emb,90,False,0.000256,0.200859,420,z_below_crit,False,0.042095,0.25,331,bootstrap_ci_includes_zero,False,,0.5
train,MOEX10,sanctions_emb,1,False,-0.000848,0.478036,420,z_below_crit,True,0.113898,0.025,420,ok,False,,0.2
train,MOEX10,sanctions_emb,7,False,0.001145,0.364205,420,z_below_crit,False,0.021651,0.37,414,bootstrap_ci_includes_zero,False,,0.19
train,MOEX10,sanctions_emb,14,False,-0.002468,0.061408,420,z_below_crit,False,0.023851,0.325,407,bootstrap_ci_includes_zero,False,,0.17
train,MOEX10,sanctions_emb,30,False,-0.000391,0.62981,420,z_below_crit,False,0.027399,0.69,391,ic_below_min,False,,0.22
train,MOEX10,sanctions_emb,60,False,3.5e-05,0.932375,420,z_below_crit,False,0.034701,0.73,361,ic_below_min,False,,0.32
train,MOEX10,sanctions_emb,90,False,0.000141,0.509245,420,z_below_crit,False,0.011686,0.605,331,ic_below_min,False,,0.41
train,MOEX10,inflation_emb,1,False,-0.001734,0.160536,420,z_below_crit,False,0.035052,0.76,420,ic_below_min,False,,0.19
train,MOEX10,inflation_emb,7,False,-0.001306,0.30981,420,z_below_crit,False,0.003896,0.455,414,ic_below_min,False,,0.2
train,MOEX10,inflation_emb,14,False,0.000115,0.933127,420,z_below_crit,False,0.076962,0.895,407,ic_below_min,False,,0.19
train,MOEX10,inflation_emb,30,False,0.000334,0.635132,420,z_below_crit,False,0.000222,0.48,391,ic_below_min,False,,0.24
train,MOEX10,inflation_emb,60,False,0.000438,0.284552,420,z_below_crit,False,0.008366,0.39,361,ic_below_min,False,,0.3
train,MOEX10,inflation_emb,90,False,0.000131,0.477936,420,z_below_crit,False,0.0446,0.225,331,bootstrap_ci_includes_zero,False,,0.47
train,MOEX10,banking_emb,1,False,0.001117,0.385613,420,z_below_crit,False,0.001393,0.44,420,ic_below_min,False,,0.19
train,MOEX10,banking_emb,7,False,-3.4e-05,0.98009,420,z_below_crit,False,0.063921,0.08,414,bootstrap_ci_includes_zero,False,,0.21
train,MOEX10,banking_emb,14,False,0.00021,0.878657,420,z_below_crit,False,0.044725,0.24,407,bootstrap_ci_includes_zero,False,,0.19
train,MOEX10,banking_emb,30,False,-5.4e-05,0.94351,420,z_below_crit,False,0.018103,0.58,391,ic_below_min,False,,0.24
train,MOEX10,banking_emb,60,False,-0.000337,0.410608,420,z_below_crit,False,0.059564,0.19,361,bootstrap_ci_includes_zero,False,,0.32
train,MOEX10,banking_emb,90,False,0.000197,0.319802,420,z_below_crit,True,0.116534,0.005,331,ok,False,,0.46
train,MOEX10,gold_emb,1,False,-0.000533,0.667059,420,z_below_crit,False,0.050334,0.155,420,bootstrap_ci_includes_zero,False,,0.17
train,MOEX10,gold_emb,7,False,-0.001813,0.148295,420,z_below_crit,False,0.115299,0.975,414,ic_below_min,False,,0.17
train,MOEX10,gold_emb,14,False,-0.001242,0.347473,420,z_below_crit,False,0.025986,0.69,407,ic_below_min,False,,0.22
train,MOEX10,gold_emb,30,False,0.0007,0.324964,420,z_below_crit,False,0.073118,0.925,391,ic_below_min,False,,0.22
train,MOEX10,gold_emb,60,False,0.000268,0.449742,420,z_below_crit,False,0.083042,0.095,361,bootstrap_ci_includes_zero,False,,0.3
train,MOEX10,gold_emb,90,False,-7.6e-05,0.6707,420,z_below_crit,False,0.058347,0.18,331,bootstrap_ci_includes_zero,False,,0.47
